dataset,metric,comparison_key,n_paired_recomputed,raw_p,wilcoxon_p,n_paired_frozen,abs_p_diff,n_match
CVC-300,assd,abloss->both,60,0.05948786602,0.05948786602,60,6.938893904e-17,True
CVC-300,assd,baseline->abloss,60,0.01063476872,0.01063476872,60,0,True
CVC-300,assd,baseline->both,60,0.008774154976,0.008774154976,60,1.734723476e-17,True
CVC-300,assd,baseline->usr,60,0.06357852752,0.06357852752,60,5.551115123e-17,True
CVC-300,assd,usr->both,60,0.04070468302,0.04070468302,60,4.857225733e-17,True
CVC-300,boundary_dice,abloss->both,60,0.001988977492,0.001988977492,60,2.081668171e-17,True
CVC-300,boundary_dice,baseline->abloss,60,0.7909958204,0.7909958204,60,0,True
CVC-300,boundary_dice,baseline->both,60,0.5171006898,0.5171006898,60,0,True
CVC-300,boundary_dice,baseline->usr,60,0.005514668227,0.005514668227,60,3.816391647e-17,True
CVC-300,boundary_dice,usr->both,60,0.9004069764,0.9004069764,60,0,True
CVC-300,dice,abloss->both,60,0.02428119314,0.02428119314,60,5.551115123e-17,True
CVC-300,dice,baseline->abloss,60,0.008044959221,0.008044959221,60,3.122502257e-17,True
CVC-300,dice,baseline->both,60,0.004091429449,0.004091429449,60,7.025630078e-17,True
CVC-300,dice,baseline->usr,60,0.07363583006,0.07363583006,60,6.938893904e-17,True
CVC-300,dice,usr->both,60,0.02162903236,0.02162903236,60,7.632783294e-17,True
CVC-300,hd95,abloss->both,60,0.4309383284,0.4309383284,60,0,True
CVC-300,hd95,baseline->abloss,60,0.0001013982337,0.0001013982337,60,9.395967077e-17,True
CVC-300,hd95,baseline->both,60,8.950415388e-05,8.950415388e-05,60,0,True
CVC-300,hd95,baseline->usr,60,0.1475751341,0.1475751341,60,0,True
CVC-300,hd95,usr->both,60,0.0003770223827,0.0003770223827,60,7.817097664e-17,True
CVC-300,iou,abloss->both,60,0.01086177447,0.01086177447,60,4.163336342e-17,True
CVC-300,iou,baseline->abloss,60,0.002363096124,0.002363096124,60,6.808789643e-17,True
CVC-300,iou,baseline->both,60,0.00108099414,0.00108099414,60,1.82145965e-17,True
CVC-300,iou,baseline->usr,60,0.04070468302,0.04070468302,60,4.857225733e-17,True
CVC-300,iou,usr->both,60,0.007052676173,0.007052676173,60,1.474514955e-17,True
CVC-300,precision,abloss->both,60,0.003841711367,0.003841711367,60,9.540979118e-17,True
CVC-300,precision,baseline->abloss,60,0.002663632635,0.002663632635,60,7.589415207e-17,True
CVC-300,precision,baseline->both,60,0.0008726567746,0.0008726567746,60,9.801187639e-17,True
CVC-300,precision,baseline->usr,60,0.00643366825,0.00643366825,60,4.943961907e-17,True
CVC-300,precision,usr->both,60,0.007711764923,0.007711764923,60,4.683753385e-17,True
CVC-300,recall,abloss->both,60,0.1058774741,0.1058774741,60,2.775557562e-17,True
CVC-300,recall,baseline->abloss,60,0.1450394743,0.1450394743,60,0,True
CVC-300,recall,baseline->both,60,0.1809254094,0.1809254094,60,0,True
CVC-300,recall,baseline->usr,60,0.06754708525,0.06754708525,60,6.938893904e-17,True
CVC-300,recall,usr->both,60,0.1409871262,0.1409871262,60,2.775557562e-17,True
CVC-ClinicDB,assd,abloss->both,62,0.3177569483,0.3177569483,62,5.551115123e-17,True
CVC-ClinicDB,assd,baseline->abloss,62,0.6211079866,0.6211079866,62,0,True
CVC-ClinicDB,assd,baseline->both,62,0.6714418946,0.6714418946,62,0,True
CVC-ClinicDB,assd,baseline->usr,62,0.2374574316,0.2374574316,62,5.551115123e-17,True
CVC-ClinicDB,assd,usr->both,62,0.3010738593,0.3010738593,62,0,True
CVC-ClinicDB,boundary_dice,abloss->both,62,0.01181345401,0.01181345401,62,1.561251128e-17,True
CVC-ClinicDB,boundary_dice,baseline->abloss,62,0.586883224,0.586883224,62,0,True
CVC-ClinicDB,boundary_dice,baseline->both,62,0.9413157267,0.9413157267,62,1.110223025e-16,True
CVC-ClinicDB,boundary_dice,baseline->usr,62,0.1068459749,0.1068459749,62,8.326672685e-17,True
CVC-ClinicDB,boundary_dice,usr->both,62,0.8886093248,0.8886093248,62,0,True
CVC-ClinicDB,dice,abloss->both,62,0.1910208499,0.1910208499,62,8.326672685e-17,True
CVC-ClinicDB,dice,baseline->abloss,62,0.3421120472,0.3421120472,62,5.551115123e-17,True
CVC-ClinicDB,dice,baseline->both,62,0.2787148702,0.2787148702,62,0,True
CVC-ClinicDB,dice,baseline->usr,62,0.410052589,0.410052589,62,5.551115123e-17,True
CVC-ClinicDB,dice,usr->both,62,0.2545783078,0.2545783078,62,0,True
CVC-ClinicDB,hd95,abloss->both,62,0.40119089,0.40119089,62,0,True
CVC-ClinicDB,hd95,baseline->abloss,62,0.968487555,0.968487555,62,1.110223025e-16,True
CVC-ClinicDB,hd95,baseline->both,62,0.830947528,0.830947528,62,0,True
CVC-ClinicDB,hd95,baseline->usr,62,0.4774936284,0.4774936284,62,0,True
CVC-ClinicDB,hd95,usr->both,62,0.586883224,0.586883224,62,0,True
CVC-ClinicDB,iou,abloss->both,62,0.1536509949,0.1536509949,62,8.326672685e-17,True
CVC-ClinicDB,iou,baseline->abloss,62,0.4261734078,0.4261734078,62,0,True
CVC-ClinicDB,iou,baseline->both,62,0.3421120472,0.3421120472,62,5.551115123e-17,True
CVC-ClinicDB,iou,baseline->usr,62,0.4180672373,0.4180672373,62,0,True
CVC-ClinicDB,iou,usr->both,62,0.3280522182,0.3280522182,62,0,True
CVC-ClinicDB,precision,abloss->both,62,0.001874608042,0.001874608042,62,7.134050295e-17,True
CVC-ClinicDB,precision,baseline->abloss,62,0.6561729567,0.6561729567,62,0,True
CVC-ClinicDB,precision,baseline->both,62,0.7338286304,0.7338286304,62,0,True
CVC-ClinicDB,precision,baseline->usr,62,0.08408552291,0.08408552291,62,2.775557562e-17,True
CVC-ClinicDB,precision,usr->both,62,0.6971914057,0.6971914057,62,0,True
CVC-ClinicDB,recall,abloss->both,62,0.01741349058,0.01741349058,62,3.816391647e-17,True
CVC-ClinicDB,recall,baseline->abloss,62,0.001022030593,0.001022030593,62,7.285838599e-17,True
CVC-ClinicDB,recall,baseline->both,62,0.005693659848,0.005693659848,62,9.107298249e-17,True
CVC-ClinicDB,recall,baseline->usr,62,0.2149643286,0.2149643286,62,0,True
CVC-ClinicDB,recall,usr->both,62,0.001022030593,0.001022030593,62,7.285838599e-17,True
CVC-ColonDB,assd,abloss->both,380,0.4953135721,0.4953135721,380,0,True
CVC-ColonDB,assd,baseline->abloss,380,0.4859160198,0.4859160198,380,0,True
CVC-ColonDB,assd,baseline->both,380,0.6191469034,0.6191469034,380,0,True
CVC-ColonDB,assd,baseline->usr,380,0.1250006738,0.1250006738,380,5.551115123e-17,True
CVC-ColonDB,assd,usr->both,380,0.2253035203,0.2253035203,380,2.775557562e-17,True
CVC-ColonDB,boundary_dice,abloss->both,380,4.912420202e-09,4.912420202e-09,380,8.271806126e-25,True
CVC-ColonDB,boundary_dice,baseline->abloss,380,0.1347509896,0.1347509896,380,2.775557562e-17,True
CVC-ColonDB,boundary_dice,baseline->both,380,0.02525569817,0.02525569817,380,2.775557562e-17,True
CVC-ColonDB,boundary_dice,baseline->usr,380,7.441291966e-08,7.441291966e-08,380,0,True
CVC-ColonDB,boundary_dice,usr->both,380,0.0698701868,0.0698701868,380,0,True
CVC-ColonDB,dice,abloss->both,380,0.004387399043,0.004387399043,380,2.602085214e-17,True
CVC-ColonDB,dice,baseline->abloss,380,0.004658464544,0.004658464544,380,7.459310947e-17,True
CVC-ColonDB,dice,baseline->both,380,0.004584373171,0.004584373171,380,1.474514955e-17,True
CVC-ColonDB,dice,baseline->usr,380,0.005859689022,0.005859689022,380,4.250072516e-17,True
CVC-ColonDB,dice,usr->both,380,0.04406813947,0.04406813947,380,5.551115123e-17,True
CVC-ColonDB,hd95,abloss->both,380,0.5291046115,0.5291046115,380,0,True
CVC-ColonDB,hd95,baseline->abloss,380,0.1472875853,0.1472875853,380,2.775557562e-17,True
CVC-ColonDB,hd95,baseline->both,380,0.09291876402,0.09291876402,380,6.938893904e-17,True
CVC-ColonDB,hd95,baseline->usr,380,0.2263750427,0.2263750427,380,8.326672685e-17,True
CVC-ColonDB,hd95,usr->both,380,0.320707248,0.320707248,380,0,True
CVC-ColonDB,iou,abloss->both,380,0.00155912706,0.00155912706,380,8.283304598e-17,True
CVC-ColonDB,iou,baseline->abloss,380,0.0007562012074,0.0007562012074,380,1.246832498e-17,True
CVC-ColonDB,iou,baseline->both,380,0.0006725234569,0.0006725234569,380,2.949029909e-17,True
CVC-ColonDB,iou,baseline->usr,380,0.004204315053,0.004204315053,380,2.428612866e-17,True
CVC-ColonDB,iou,usr->both,380,0.01228092247,0.01228092247,380,6.938893904e-18,True
CVC-ColonDB,precision,abloss->both,380,2.164997118e-09,2.164997118e-09,380,0,True
CVC-ColonDB,precision,baseline->abloss,380,0.000113601135,0.000113601135,380,8.543513119e-17,True
CVC-ColonDB,precision,baseline->both,380,4.641810412e-06,4.641810412e-06,380,0,True
CVC-ColonDB,precision,baseline->usr,380,1.620756322e-06,1.620756322e-06,380,0,True
CVC-ColonDB,precision,usr->both,380,0.001560073104,0.001560073104,380,3.07913417e-17,True
CVC-ColonDB,recall,abloss->both,380,0.0001893959609,0.0001897113824,380,3.154215388e-07,True
CVC-ColonDB,recall,baseline->abloss,380,0.04759560613,0.04759560613,380,1.387778781e-17,True
CVC-ColonDB,recall,baseline->both,380,0.02034398233,0.02034398233,380,8.326672685e-17,True
CVC-ColonDB,recall,baseline->usr,380,0.0005876809906,0.0005867724193,380,9.085712388e-07,True
CVC-ColonDB,recall,usr->both,380,0.06013745309,0.06013745309,380,8.326672685e-17,True
ETIS-LaribPolypDB,assd,abloss->both,196,0.1354919869,0.1354919869,196,5.551115123e-17,True
ETIS-LaribPolypDB,assd,baseline->abloss,196,0.9759212707,0.9759212707,196,0,True
ETIS-LaribPolypDB,assd,baseline->both,196,0.8572788496,0.8572788496,196,0,True
ETIS-LaribPolypDB,assd,baseline->usr,196,0.04705816655,0.04705816655,196,2.775557562e-17,True
ETIS-LaribPolypDB,assd,usr->both,196,0.8277660004,0.8277660004,196,0,True
ETIS-LaribPolypDB,boundary_dice,abloss->both,196,9.376720266e-19,9.376720266e-19,196,0,True
ETIS-LaribPolypDB,boundary_dice,baseline->abloss,196,0.1531778979,0.1531778979,196,8.326672685e-17,True
ETIS-LaribPolypDB,boundary_dice,baseline->both,196,4.863302254e-05,4.863302254e-05,196,6.776263578e-21,True
ETIS-LaribPolypDB,boundary_dice,baseline->usr,196,6.454348733e-11,6.454348733e-11,196,0,True
ETIS-LaribPolypDB,boundary_dice,usr->both,196,0.01142294321,0.01142294321,196,1.387778781e-17,True
ETIS-LaribPolypDB,dice,abloss->both,196,6.993772515e-12,6.993772515e-12,196,8.077935669e-28,True
ETIS-LaribPolypDB,dice,baseline->abloss,196,1.345260856e-05,1.345260856e-05,196,1.694065895e-21,True
ETIS-LaribPolypDB,dice,baseline->both,196,5.287701902e-09,5.287701902e-09,196,0,True
ETIS-LaribPolypDB,dice,baseline->usr,196,1.265064259e-09,1.265064259e-09,196,0,True
ETIS-LaribPolypDB,dice,usr->both,196,2.330464045e-05,2.330464045e-05,196,0,True
ETIS-LaribPolypDB,hd95,abloss->both,196,0.03918310699,0.03918310699,196,0,True
ETIS-LaribPolypDB,hd95,baseline->abloss,196,0.4312937804,0.4312937804,196,0,True
ETIS-LaribPolypDB,hd95,baseline->both,196,0.1203858055,0.1203858055,196,8.326672685e-17,True
ETIS-LaribPolypDB,hd95,baseline->usr,196,0.0006499998732,0.0006499998732,196,5.52943108e-18,True
ETIS-LaribPolypDB,hd95,usr->both,196,0.3430058752,0.3430058752,196,0,True
ETIS-LaribPolypDB,iou,abloss->both,196,1.176956561e-12,1.176956561e-12,196,2.019483917e-28,True
ETIS-LaribPolypDB,iou,baseline->abloss,196,9.675793598e-06,9.675793598e-06,196,0,True
ETIS-LaribPolypDB,iou,baseline->both,196,2.098062311e-09,2.098062311e-09,196,4.135903063e-25,True
ETIS-LaribPolypDB,iou,baseline->usr,196,2.105001383e-10,2.105001383e-10,196,2.584939414e-26,True
ETIS-LaribPolypDB,iou,usr->both,196,1.441000739e-05,1.441000739e-05,196,0,True
ETIS-LaribPolypDB,precision,abloss->both,196,1.085151085e-24,1.085151085e-24,196,1.836709923e-40,True
ETIS-LaribPolypDB,precision,baseline->abloss,196,5.081957296e-06,5.081957296e-06,196,0,True
ETIS-LaribPolypDB,precision,baseline->both,196,2.373916044e-09,2.373916044e-09,196,0,True
ETIS-LaribPolypDB,precision,baseline->usr,196,8.203215808e-20,8.203215808e-20,196,0,True
ETIS-LaribPolypDB,precision,usr->both,196,6.565862789e-06,6.565862789e-06,196,0,True
ETIS-LaribPolypDB,recall,abloss->both,196,2.55552815e-11,2.55552815e-11,196,0,True
ETIS-LaribPolypDB,recall,baseline->abloss,196,0.1196899242,0.1196899242,196,1.387778781e-17,True
ETIS-LaribPolypDB,recall,baseline->both,196,0.6004703402,0.6004703402,196,0,True
ETIS-LaribPolypDB,recall,baseline->usr,196,2.890873742e-11,2.890873742e-11,196,3.231174268e-27,True
ETIS-LaribPolypDB,recall,usr->both,196,0.2488693881,0.2488693881,196,0,True
Kvasir,assd,abloss->both,100,6.881249881e-06,6.881249881e-06,100,0,True
Kvasir,assd,baseline->abloss,100,0.04882002073,0.04882002073,100,4.163336342e-17,True
Kvasir,assd,baseline->both,100,0.4473324208,0.4473324208,100,0,True
Kvasir,assd,baseline->usr,100,0.0004648835849,0.0004648835849,100,4.537386092e-17,True
Kvasir,assd,usr->both,100,0.1439364056,0.1439364056,100,0,True
Kvasir,boundary_dice,abloss->both,100,1.850840753e-14,1.850840753e-14,100,3.155443621e-30,True
Kvasir,boundary_dice,baseline->abloss,100,9.950447275e-06,9.950447275e-06,100,1.694065895e-21,True
Kvasir,boundary_dice,baseline->both,100,0.02497509023,0.02497509023,100,2.081668171e-17,True
Kvasir,boundary_dice,baseline->usr,100,1.435571871e-07,1.435571871e-07,100,0,True
Kvasir,boundary_dice,usr->both,100,7.046698256e-05,7.046698256e-05,100,0,True
Kvasir,dice,abloss->both,100,1.612264994e-08,1.612264994e-08,100,0,True
Kvasir,dice,baseline->abloss,100,0.3496726883,0.3496726883,100,0,True
Kvasir,dice,baseline->both,100,0.8933277152,0.8933277152,100,0,True
Kvasir,dice,baseline->usr,100,3.425207458e-05,3.425207458e-05,100,0,True
Kvasir,dice,usr->both,100,0.5704943464,0.5704943464,100,0,True
Kvasir,hd95,abloss->both,100,0.0002791277469,0.0002791277469,100,6.993104013e-18,True
Kvasir,hd95,baseline->abloss,100,0.7027179817,0.7027179817,100,0,True
Kvasir,hd95,baseline->both,100,0.4643219976,0.4643219976,100,5.551115123e-17,True
Kvasir,hd95,baseline->usr,100,0.0007242321859,0.0007242321859,100,8.803721641e-17,True
Kvasir,hd95,usr->both,100,0.867559776,0.867559776,100,0,True
Kvasir,iou,abloss->both,100,1.235865758e-09,1.235865758e-09,100,0,True
Kvasir,iou,baseline->abloss,100,0.2818397532,0.2818397532,100,0,True
Kvasir,iou,baseline->both,100,0.8581003268,0.8581003268,100,0,True
Kvasir,iou,baseline->usr,100,2.381978528e-05,2.381978528e-05,100,3.388131789e-21,True
Kvasir,iou,usr->both,100,0.5157933846,0.5157933846,100,0,True
Kvasir,precision,abloss->both,100,1.022095091e-15,1.022095091e-15,100,0,True
Kvasir,precision,baseline->abloss,100,0.07213836662,0.07213836662,100,2.775557562e-17,True
Kvasir,precision,baseline->both,100,0.8446222854,0.8446222854,100,0,True
Kvasir,precision,baseline->usr,100,9.330061593e-16,9.330061593e-16,100,0,True
Kvasir,precision,usr->both,100,0.07225639935,0.07225639935,100,1.387778781e-17,True
Kvasir,recall,abloss->both,100,1.414255627e-15,1.414255627e-15,100,0,True
Kvasir,recall,baseline->abloss,100,1.934235104e-05,1.934235104e-05,100,0,True
Kvasir,recall,baseline->both,100,0.01282523364,0.01282523364,100,5.204170428e-18,True
Kvasir,recall,baseline->usr,100,1.46020605e-14,1.46020605e-14,100,0,True
Kvasir,recall,usr->both,100,4.478165774e-06,4.478165774e-06,100,0,True
