family,dataset,metric,direction,first,second,comparison,n_paired,mean_paired_diff_second_minus_first,median_paired_diff_second_minus_first,raw_p,bh_q,raw_sig,bh_sig,bh_q_lt_0.001,bh_q_lt_0.01,bh_q_lt_0.05
all7,CVC-300,assd,lower_better,MedSAM,MedSAM+ABLoss,MedSAM -> MedSAM+ABLoss,60,-0.6498607733,-0.9158789282,0.01063476872,0.0241699289,True,True,False,False,True
all7,CVC-300,assd,lower_better,MedSAM,MedSAM+ABLoss+USR,MedSAM -> MedSAM+ABLoss+USR,60,-0.6238822411,-1.000615331,0.008774154976,0.02020364633,True,True,False,False,True
all7,CVC-300,assd,lower_better,MedSAM,MedSAM+USR,MedSAM -> MedSAM+USR,60,-0.148767054,-0.08766636514,0.06357852752,0.1135330849,False,False,False,False,False
all7,CVC-300,assd,lower_better,MedSAM+ABLoss,MedSAM+ABLoss+USR,MedSAM+ABLoss -> MedSAM+ABLoss+USR,60,0.02597853215,-0.1469400203,0.05948786602,0.1084414224,False,False,False,False,False
all7,CVC-300,assd,lower_better,MedSAM+USR,MedSAM+ABLoss+USR,MedSAM+USR -> MedSAM+ABLoss+USR,60,-0.4751151871,-0.5485435474,0.04070468302,0.07827823658,True,False,False,False,False
all7,CVC-300,boundary_dice,higher_better,MedSAM,MedSAM+ABLoss,MedSAM -> MedSAM+ABLoss,60,-0.0001524657046,3.325081759e-13,0.7909958204,0.8492286415,False,False,False,False,False
all7,CVC-300,boundary_dice,higher_better,MedSAM,MedSAM+ABLoss+USR,MedSAM -> MedSAM+ABLoss+USR,60,0.005544387153,2.175378029e-12,0.5171006898,0.6032841381,False,False,False,False,False
all7,CVC-300,boundary_dice,higher_better,MedSAM,MedSAM+USR,MedSAM -> MedSAM+USR,60,0.008072171565,0.002692670605,0.005514668227,0.01398647739,True,True,False,False,True
all7,CVC-300,boundary_dice,higher_better,MedSAM+ABLoss,MedSAM+ABLoss+USR,MedSAM+ABLoss -> MedSAM+ABLoss+USR,60,0.005696852858,0.003839018569,0.001988977492,0.005801184353,True,True,False,True,True
all7,CVC-300,boundary_dice,higher_better,MedSAM+USR,MedSAM+ABLoss+USR,MedSAM+USR -> MedSAM+ABLoss+USR,60,-0.002527784411,2.536953283e-14,0.9004069764,0.9161117492,False,False,False,False,False
all7,CVC-300,dice,higher_better,MedSAM,MedSAM+ABLoss,MedSAM -> MedSAM+ABLoss,60,0.01561014576,0.008263015302,0.008044959221,0.01877157152,True,True,False,False,True
all7,CVC-300,dice,higher_better,MedSAM,MedSAM+ABLoss+USR,MedSAM -> MedSAM+ABLoss+USR,60,0.01776395954,0.01381860329,0.004091429449,0.0111875024,True,True,False,False,True
all7,CVC-300,dice,higher_better,MedSAM,MedSAM+USR,MedSAM -> MedSAM+USR,60,0.00201094098,0.0007833030549,0.07363583006,0.12510942,False,False,False,False,False
all7,CVC-300,dice,higher_better,MedSAM+ABLoss,MedSAM+ABLoss+USR,MedSAM+ABLoss -> MedSAM+ABLoss+USR,60,0.002153813785,0.001273335325,0.02428119314,0.04940940465,True,True,False,False,True
all7,CVC-300,dice,higher_better,MedSAM+USR,MedSAM+ABLoss+USR,MedSAM+USR -> MedSAM+ABLoss+USR,60,0.01575301857,0.009273039857,0.02162903236,0.04453036074,True,True,False,False,True
all7,CVC-300,hd95,lower_better,MedSAM,MedSAM+ABLoss,MedSAM -> MedSAM+ABLoss,60,-4.36735163,-4.979202711,0.0001013982337,0.0004224926403,True,True,True,True,True
all7,CVC-300,hd95,lower_better,MedSAM,MedSAM+ABLoss+USR,MedSAM -> MedSAM+ABLoss+USR,60,-4.452941398,-5.176918075,8.950415388e-05,0.0003820299251,True,True,True,True,True
all7,CVC-300,hd95,lower_better,MedSAM,MedSAM+USR,MedSAM -> MedSAM+USR,60,-0.3880866945,0,0.1475751341,0.2207320382,False,False,False,False,False
all7,CVC-300,hd95,lower_better,MedSAM+ABLoss,MedSAM+ABLoss+USR,MedSAM+ABLoss -> MedSAM+ABLoss+USR,60,-0.08558976863,0,0.4309383284,0.5278070739,False,False,False,False,False
all7,CVC-300,hd95,lower_better,MedSAM+USR,MedSAM+ABLoss+USR,MedSAM+USR -> MedSAM+ABLoss+USR,60,-4.064854704,-4.262277092,0.0003770223827,0.001434324282,True,True,False,True,True
all7,CVC-300,iou,higher_better,MedSAM,MedSAM+ABLoss,MedSAM -> MedSAM+ABLoss,60,0.02500398137,0.01189714421,0.002363096124,0.006779374127,True,True,False,True,True
all7,CVC-300,iou,higher_better,MedSAM,MedSAM+ABLoss+USR,MedSAM -> MedSAM+ABLoss+USR,60,0.02830389847,0.0190239844,0.00108099414,0.003378106686,True,True,False,True,True
all7,CVC-300,iou,higher_better,MedSAM,MedSAM+USR,MedSAM -> MedSAM+USR,60,0.003330656089,0.001337097998,0.04070468302,0.07827823658,True,False,False,False,False
all7,CVC-300,iou,higher_better,MedSAM+ABLoss,MedSAM+ABLoss+USR,MedSAM+ABLoss -> MedSAM+ABLoss+USR,60,0.003299917105,0.001568331981,0.01086177447,0.02436936581,True,True,False,False,True
all7,CVC-300,iou,higher_better,MedSAM+USR,MedSAM+ABLoss+USR,MedSAM+USR -> MedSAM+ABLoss+USR,60,0.02497324239,0.01145426134,0.007052676173,0.01690710041,True,True,False,False,True
all7,CVC-300,precision,higher_better,MedSAM,MedSAM+ABLoss,MedSAM -> MedSAM+ABLoss,60,0.02458267575,0.01103589021,0.002663632635,0.00751831792,True,True,False,True,True
all7,CVC-300,precision,higher_better,MedSAM,MedSAM+ABLoss+USR,MedSAM -> MedSAM+ABLoss+USR,60,0.02805397062,0.01684023951,0.0008726567746,0.002881413878,True,True,False,True,True
all7,CVC-300,precision,higher_better,MedSAM,MedSAM+USR,MedSAM -> MedSAM+USR,60,0.00372185883,0.002227787179,0.00643366825,0.01563738811,True,True,False,False,True
all7,CVC-300,precision,higher_better,MedSAM+ABLoss,MedSAM+ABLoss+USR,MedSAM+ABLoss -> MedSAM+ABLoss+USR,60,0.003471294874,0.002386623841,0.003841711367,0.01067142046,True,True,False,False,True
all7,CVC-300,precision,higher_better,MedSAM+USR,MedSAM+ABLoss+USR,MedSAM+USR -> MedSAM+ABLoss+USR,60,0.02433211179,0.009122670401,0.007711764923,0.01823728191,True,True,False,False,True
all7,CVC-300,recall,higher_better,MedSAM,MedSAM+ABLoss,MedSAM -> MedSAM+ABLoss,60,0.001635411449,0.0004290251073,0.1450394743,0.2207122434,False,False,False,False,False
all7,CVC-300,recall,higher_better,MedSAM,MedSAM+ABLoss+USR,MedSAM -> MedSAM+ABLoss+USR,60,0.001370648817,0.0002850174816,0.1809254094,0.2638495554,False,False,False,False,False
all7,CVC-300,recall,higher_better,MedSAM,MedSAM+USR,MedSAM -> MedSAM+USR,60,-0.0002125822702,0,0.06754708525,0.1194014133,False,False,False,False,False
all7,CVC-300,recall,higher_better,MedSAM+ABLoss,MedSAM+ABLoss+USR,MedSAM+ABLoss -> MedSAM+ABLoss+USR,60,-0.0002647626321,0,0.1058774741,0.1747480898,False,False,False,False,False
all7,CVC-300,recall,higher_better,MedSAM+USR,MedSAM+ABLoss+USR,MedSAM+USR -> MedSAM+ABLoss+USR,60,0.001583231087,0.0002675183543,0.1409871262,0.2183428946,False,False,False,False,False
all7,CVC-ClinicDB,assd,lower_better,MedSAM,MedSAM+ABLoss,MedSAM -> MedSAM+ABLoss,62,-0.4516980999,0.09855894347,0.6211079866,0.6923178194,False,False,False,False,False
all7,CVC-ClinicDB,assd,lower_better,MedSAM,MedSAM+ABLoss+USR,MedSAM -> MedSAM+ABLoss+USR,62,-0.3065880556,0.1037154014,0.6714418946,0.7390083746,False,False,False,False,False
all7,CVC-ClinicDB,assd,lower_better,MedSAM,MedSAM+USR,MedSAM -> MedSAM+USR,62,0.1189278087,0.03208321074,0.2374574316,0.3324404042,False,False,False,False,False
all7,CVC-ClinicDB,assd,lower_better,MedSAM+ABLoss,MedSAM+ABLoss+USR,MedSAM+ABLoss -> MedSAM+ABLoss+USR,62,0.1451100443,-0.02694055695,0.3177569483,0.4244844729,False,False,False,False,False
all7,CVC-ClinicDB,assd,lower_better,MedSAM+USR,MedSAM+ABLoss+USR,MedSAM+USR -> MedSAM+ABLoss+USR,62,-0.4255158643,-0.08439735804,0.3010738593,0.4052917337,False,False,False,False,False
all7,CVC-ClinicDB,boundary_dice,higher_better,MedSAM,MedSAM+ABLoss,MedSAM -> MedSAM+ABLoss,62,-0.01039713964,4.971717714e-13,0.586883224,0.6669127546,False,False,False,False,False
all7,CVC-ClinicDB,boundary_dice,higher_better,MedSAM,MedSAM+ABLoss+USR,MedSAM -> MedSAM+ABLoss+USR,62,-0.00631462309,2.715049363e-12,0.9413157267,0.9521979894,False,False,False,False,False
all7,CVC-ClinicDB,boundary_dice,higher_better,MedSAM,MedSAM+USR,MedSAM -> MedSAM+USR,62,0.002177335569,0.001231503407,0.1068459749,0.1747480898,False,False,False,False,False
all7,CVC-ClinicDB,boundary_dice,higher_better,MedSAM+ABLoss,MedSAM+ABLoss+USR,MedSAM+ABLoss -> MedSAM+ABLoss+USR,62,0.004082516551,0.001749197996,0.01181345401,0.02584193065,True,True,False,False,True
all7,CVC-ClinicDB,boundary_dice,higher_better,MedSAM+USR,MedSAM+ABLoss+USR,MedSAM+USR -> MedSAM+ABLoss+USR,62,-0.008491958659,0.001202650342,0.8886093248,0.9142242699,False,False,False,False,False
all7,CVC-ClinicDB,dice,higher_better,MedSAM,MedSAM+ABLoss,MedSAM -> MedSAM+ABLoss,62,0.01358925679,9.637550277e-13,0.3421120472,0.4413678541,False,False,False,False,False
all7,CVC-ClinicDB,dice,higher_better,MedSAM,MedSAM+ABLoss+USR,MedSAM -> MedSAM+ABLoss+USR,62,0.01394966391,0.0005091331923,0.2787148702,0.3810554866,False,False,False,False,False
all7,CVC-ClinicDB,dice,higher_better,MedSAM,MedSAM+USR,MedSAM -> MedSAM+USR,62,0.0003184218765,0.0002479584135,0.410052589,0.5162532595,False,False,False,False,False
all7,CVC-ClinicDB,dice,higher_better,MedSAM+ABLoss,MedSAM+ABLoss+USR,MedSAM+ABLoss -> MedSAM+ABLoss+USR,62,0.0003604071135,0.000436241038,0.1910208499,0.2762698242,False,False,False,False,False
all7,CVC-ClinicDB,dice,higher_better,MedSAM+USR,MedSAM+ABLoss+USR,MedSAM+USR -> MedSAM+ABLoss+USR,62,0.01363124203,2.492461316e-13,0.2545783078,0.3507968809,False,False,False,False,False
all7,CVC-ClinicDB,hd95,lower_better,MedSAM,MedSAM+ABLoss,MedSAM -> MedSAM+ABLoss,62,-1.118221354,0.2409465261,0.968487555,0.9740535754,False,False,False,False,False
all7,CVC-ClinicDB,hd95,lower_better,MedSAM,MedSAM+ABLoss+USR,MedSAM -> MedSAM+ABLoss+USR,62,-0.6812985497,0.2974952153,0.830947528,0.8813079842,False,False,False,False,False
all7,CVC-ClinicDB,hd95,lower_better,MedSAM,MedSAM+USR,MedSAM -> MedSAM+USR,62,0.2094304827,0,0.4774936284,0.5723382533,False,False,False,False,False
all7,CVC-ClinicDB,hd95,lower_better,MedSAM+ABLoss,MedSAM+ABLoss+USR,MedSAM+ABLoss -> MedSAM+ABLoss+USR,62,0.4369228041,0,0.40119089,0.5087565635,False,False,False,False,False
all7,CVC-ClinicDB,hd95,lower_better,MedSAM+USR,MedSAM+ABLoss+USR,MedSAM+USR -> MedSAM+ABLoss+USR,62,-0.8907290324,0.2718178889,0.586883224,0.6669127546,False,False,False,False,False
all7,CVC-ClinicDB,iou,higher_better,MedSAM,MedSAM+ABLoss,MedSAM -> MedSAM+ABLoss,62,0.01342786823,9.637550277e-13,0.4261734078,0.5278070739,False,False,False,False,False
all7,CVC-ClinicDB,iou,higher_better,MedSAM,MedSAM+ABLoss+USR,MedSAM -> MedSAM+ABLoss+USR,62,0.01430923266,0.0005258713868,0.3421120472,0.4413678541,False,False,False,False,False
all7,CVC-ClinicDB,iou,higher_better,MedSAM,MedSAM+USR,MedSAM -> MedSAM+USR,62,0.0003217452019,0.0004110175726,0.4180672373,0.5225840466,False,False,False,False,False
all7,CVC-ClinicDB,iou,higher_better,MedSAM+ABLoss,MedSAM+ABLoss+USR,MedSAM+ABLoss -> MedSAM+ABLoss+USR,62,0.0008813644341,0.0007084883829,0.1536509949,0.2259573454,False,False,False,False,False
all7,CVC-ClinicDB,iou,higher_better,MedSAM+USR,MedSAM+ABLoss+USR,MedSAM+USR -> MedSAM+ABLoss+USR,62,0.01398748746,2.492461316e-13,0.3280522182,0.4316476556,False,False,False,False,False
all7,CVC-ClinicDB,precision,higher_better,MedSAM,MedSAM+ABLoss,MedSAM -> MedSAM+ABLoss,62,0.01525257787,-0.007109103029,0.6561729567,0.7267738444,False,False,False,False,False
all7,CVC-ClinicDB,precision,higher_better,MedSAM,MedSAM+ABLoss+USR,MedSAM -> MedSAM+ABLoss+USR,62,0.01622584407,-0.005069979327,0.7338286304,0.7927161131,False,False,False,False,False
all7,CVC-ClinicDB,precision,higher_better,MedSAM,MedSAM+USR,MedSAM -> MedSAM+USR,62,0.00231743908,0.0005752310154,0.08408552291,0.1414900626,False,False,False,False,False
all7,CVC-ClinicDB,precision,higher_better,MedSAM+ABLoss,MedSAM+ABLoss+USR,MedSAM+ABLoss -> MedSAM+ABLoss+USR,62,0.0009732662041,0.001193969873,0.001874608042,0.005560278091,True,True,False,True,True
all7,CVC-ClinicDB,precision,higher_better,MedSAM+USR,MedSAM+ABLoss+USR,MedSAM+USR -> MedSAM+ABLoss+USR,62,0.01390840499,-0.006199503519,0.6971914057,0.7625531,False,False,False,False,False
all7,CVC-ClinicDB,recall,higher_better,MedSAM,MedSAM+ABLoss,MedSAM -> MedSAM+ABLoss,62,0.004187821495,0.002780874063,0.001022030593,0.003251915525,True,True,False,True,True
all7,CVC-ClinicDB,recall,higher_better,MedSAM,MedSAM+ABLoss+USR,MedSAM -> MedSAM+ABLoss+USR,62,0.003538184594,0.002454025117,0.005693659848,0.01423414962,True,True,False,False,True
all7,CVC-ClinicDB,recall,higher_better,MedSAM,MedSAM+USR,MedSAM -> MedSAM+USR,62,-0.00163933646,0,0.2149643286,0.3083504713,False,False,False,False,False
all7,CVC-ClinicDB,recall,higher_better,MedSAM+ABLoss,MedSAM+ABLoss+USR,MedSAM+ABLoss -> MedSAM+ABLoss+USR,62,-0.0006496369006,0,0.01741349058,0.03671519098,True,True,False,False,True
all7,CVC-ClinicDB,recall,higher_better,MedSAM+USR,MedSAM+ABLoss+USR,MedSAM+USR -> MedSAM+ABLoss+USR,62,0.005177521054,0.002922436954,0.001022030593,0.003251915525,True,True,False,True,True
all7,CVC-ColonDB,assd,lower_better,MedSAM,MedSAM+ABLoss,MedSAM -> MedSAM+ABLoss,380,0.3424535233,-0.104843404,0.4859160198,0.5784714521,False,False,False,False,False
all7,CVC-ColonDB,assd,lower_better,MedSAM,MedSAM+ABLoss+USR,MedSAM -> MedSAM+ABLoss+USR,380,0.3934822753,-0.1531527436,0.6191469034,0.6923178194,False,False,False,False,False
all7,CVC-ColonDB,assd,lower_better,MedSAM,MedSAM+USR,MedSAM -> MedSAM+USR,380,-0.07348507676,-0.02463285551,0.1250006738,0.1988647083,False,False,False,False,False
all7,CVC-ColonDB,assd,lower_better,MedSAM+ABLoss,MedSAM+ABLoss+USR,MedSAM+ABLoss -> MedSAM+ABLoss+USR,380,0.05102875195,-0.0276852927,0.4953135721,0.5856748319,False,False,False,False,False
all7,CVC-ColonDB,assd,lower_better,MedSAM+USR,MedSAM+ABLoss+USR,MedSAM+USR -> MedSAM+ABLoss+USR,380,0.466967352,-0.01178049444,0.2253035203,0.319480907,False,False,False,False,False
all7,CVC-ColonDB,boundary_dice,higher_better,MedSAM,MedSAM+ABLoss,MedSAM -> MedSAM+ABLoss,380,0.004813114878,3.864064525e-13,0.1347509896,0.2117062295,False,False,False,False,False
all7,CVC-ColonDB,boundary_dice,higher_better,MedSAM,MedSAM+ABLoss+USR,MedSAM -> MedSAM+ABLoss+USR,380,0.007776708546,8.103269843e-13,0.02525569817,0.05022439977,True,False,False,False,False
all7,CVC-ColonDB,boundary_dice,higher_better,MedSAM,MedSAM+USR,MedSAM -> MedSAM+USR,380,0.003021850192,0.0001512887316,7.441291966e-08,5.661852583e-07,True,True,True,True,True
all7,CVC-ColonDB,boundary_dice,higher_better,MedSAM+ABLoss,MedSAM+ABLoss+USR,MedSAM+ABLoss -> MedSAM+ABLoss+USR,380,0.002963593668,0.0004927451381,4.912420202e-09,4.298367677e-08,True,True,True,True,True
all7,CVC-ColonDB,boundary_dice,higher_better,MedSAM+USR,MedSAM+ABLoss+USR,MedSAM+USR -> MedSAM+ABLoss+USR,380,0.004754858354,1.170130091e-12,0.0698701868,0.1222728269,False,False,False,False,False
all7,CVC-ColonDB,dice,higher_better,MedSAM,MedSAM+ABLoss,MedSAM -> MedSAM+ABLoss,380,0.00472253349,5.005220165e-13,0.004658464544,0.01198869552,True,True,False,False,True
all7,CVC-ColonDB,dice,higher_better,MedSAM,MedSAM+ABLoss+USR,MedSAM -> MedSAM+ABLoss+USR,380,0.005525027337,3.75570048e-13,0.004584373171,0.01197410903,True,True,False,False,True
all7,CVC-ColonDB,dice,higher_better,MedSAM,MedSAM+USR,MedSAM -> MedSAM+USR,380,0.000748652046,1.697151336e-14,0.005859689022,0.01444289548,True,True,False,False,True
all7,CVC-ColonDB,dice,higher_better,MedSAM+ABLoss,MedSAM+ABLoss+USR,MedSAM+ABLoss -> MedSAM+ABLoss+USR,380,0.0008024938463,3.926137049e-14,0.004387399043,0.01163325504,True,True,False,False,True
all7,CVC-ColonDB,dice,higher_better,MedSAM+USR,MedSAM+ABLoss+USR,MedSAM+USR -> MedSAM+ABLoss+USR,380,0.004776375291,1.208532956e-13,0.04406813947,0.0838252653,True,False,False,False,False
all7,CVC-ColonDB,hd95,lower_better,MedSAM,MedSAM+ABLoss,MedSAM -> MedSAM+ABLoss,380,-1.148171419,-0.5415680165,0.1472875853,0.2207320382,False,False,False,False,False
all7,CVC-ColonDB,hd95,lower_better,MedSAM,MedSAM+ABLoss+USR,MedSAM -> MedSAM+ABLoss+USR,380,-1.451070434,-0.7602266719,0.09291876402,0.1548646067,False,False,False,False,False
all7,CVC-ColonDB,hd95,lower_better,MedSAM,MedSAM+USR,MedSAM -> MedSAM+USR,380,-0.694787398,0,0.2263750427,0.319480907,False,False,False,False,False
all7,CVC-ColonDB,hd95,lower_better,MedSAM+ABLoss,MedSAM+ABLoss+USR,MedSAM+ABLoss -> MedSAM+ABLoss+USR,380,-0.3028990147,0,0.5291046115,0.6132007087,False,False,False,False,False
all7,CVC-ColonDB,hd95,lower_better,MedSAM+USR,MedSAM+ABLoss+USR,MedSAM+USR -> MedSAM+ABLoss+USR,380,-0.7562830359,-0.102378611,0.320707248,0.4251800637,False,False,False,False,False
all7,CVC-ColonDB,iou,higher_better,MedSAM,MedSAM+ABLoss,MedSAM -> MedSAM+ABLoss,380,0.007878633269,5.005220165e-13,0.0007562012074,0.002544907909,True,True,False,True,True
all7,CVC-ColonDB,iou,higher_better,MedSAM,MedSAM+ABLoss+USR,MedSAM -> MedSAM+ABLoss+USR,380,0.009065652445,3.75570048e-13,0.0006725234569,0.002353832099,True,True,False,True,True
all7,CVC-ColonDB,iou,higher_better,MedSAM,MedSAM+USR,MedSAM -> MedSAM+USR,380,0.001193282768,1.697151336e-14,0.004204315053,0.01131930976,True,True,False,False,True
all7,CVC-ColonDB,iou,higher_better,MedSAM+ABLoss,MedSAM+ABLoss+USR,MedSAM+ABLoss -> MedSAM+ABLoss+USR,380,0.001187019176,3.926137049e-14,0.00155912706,0.004707117123,True,True,False,True,True
all7,CVC-ColonDB,iou,higher_better,MedSAM+USR,MedSAM+ABLoss+USR,MedSAM+USR -> MedSAM+ABLoss+USR,380,0.007872369676,1.208532956e-13,0.01228092247,0.02653285718,True,True,False,False,True
all7,CVC-ColonDB,precision,higher_better,MedSAM,MedSAM+ABLoss,MedSAM -> MedSAM+ABLoss,380,0.01165845171,2.859489579e-12,0.000113601135,0.0004623302005,True,True,True,True,True
all7,CVC-ColonDB,precision,higher_better,MedSAM,MedSAM+ABLoss+USR,MedSAM -> MedSAM+ABLoss+USR,380,0.01370130568,4.241412706e-12,4.641810412e-06,3.008580822e-05,True,True,True,True,True
all7,CVC-ColonDB,precision,higher_better,MedSAM,MedSAM+USR,MedSAM -> MedSAM+USR,380,0.002066736538,7.357006629e-13,1.620756322e-06,1.134529426e-05,True,True,True,True,True
all7,CVC-ColonDB,precision,higher_better,MedSAM+ABLoss,MedSAM+ABLoss+USR,MedSAM+ABLoss -> MedSAM+ABLoss+USR,380,0.002042853974,0.0003274674489,2.164997118e-09,2.10485831e-08,True,True,True,True,True
all7,CVC-ColonDB,precision,higher_better,MedSAM+USR,MedSAM+ABLoss+USR,MedSAM+USR -> MedSAM+ABLoss+USR,380,0.01163456914,1.176156873e-12,0.001560073104,0.004707117123,True,True,False,True,True
all7,CVC-ColonDB,recall,higher_better,MedSAM,MedSAM+ABLoss,MedSAM -> MedSAM+ABLoss,380,-0.005914034283,0,0.04759560613,0.08860884121,True,False,False,False,False
all7,CVC-ColonDB,recall,higher_better,MedSAM,MedSAM+ABLoss+USR,MedSAM -> MedSAM+ABLoss+USR,380,-0.006353273567,0,0.02034398233,0.04238329652,True,True,False,False,True
all7,CVC-ColonDB,recall,higher_better,MedSAM,MedSAM+USR,MedSAM -> MedSAM+USR,380,-0.0007549271112,0,0.0005876809906,0.002142586945,True,True,False,True,True
all7,CVC-ColonDB,recall,higher_better,MedSAM+ABLoss,MedSAM+ABLoss+USR,MedSAM+ABLoss -> MedSAM+ABLoss+USR,380,-0.0004392392832,0,0.0001893959609,0.0007532793898,True,True,True,True,True
all7,CVC-ColonDB,recall,higher_better,MedSAM+USR,MedSAM+ABLoss+USR,MedSAM+USR -> MedSAM+ABLoss+USR,380,-0.005598346455,0,0.06013745309,0.1084954051,False,False,False,False,False
all7,ETIS-LaribPolypDB,assd,lower_better,MedSAM,MedSAM+ABLoss,MedSAM -> MedSAM+ABLoss,196,-2.556708309,0.3796695187,0.9759212707,0.9759212707,False,False,False,False,False
all7,ETIS-LaribPolypDB,assd,lower_better,MedSAM,MedSAM+ABLoss+USR,MedSAM -> MedSAM+ABLoss+USR,196,-1.419299342,-0.1140387607,0.8572788496,0.8938545071,False,False,False,False,False
all7,ETIS-LaribPolypDB,assd,lower_better,MedSAM,MedSAM+USR,MedSAM -> MedSAM+USR,196,-0.1430587279,-0.3750218833,0.04705816655,0.0885503134,True,False,False,False,False
all7,ETIS-LaribPolypDB,assd,lower_better,MedSAM+ABLoss,MedSAM+ABLoss+USR,MedSAM+ABLoss -> MedSAM+ABLoss+USR,196,1.137408967,-0.3614115104,0.1354919869,0.2117062295,False,False,False,False,False
all7,ETIS-LaribPolypDB,assd,lower_better,MedSAM+USR,MedSAM+ABLoss+USR,MedSAM+USR -> MedSAM+ABLoss+USR,196,-1.276240614,0.369361108,0.8277660004,0.8813079842,False,False,False,False,False
all7,ETIS-LaribPolypDB,boundary_dice,higher_better,MedSAM,MedSAM+ABLoss,MedSAM -> MedSAM+ABLoss,196,0.002893100309,2.758664965e-13,0.1531778979,0.2259573454,False,False,False,False,False
all7,ETIS-LaribPolypDB,boundary_dice,higher_better,MedSAM,MedSAM+ABLoss+USR,MedSAM -> MedSAM+ABLoss+USR,196,0.01721791287,6.432687284e-13,4.863302254e-05,0.0002182251012,True,True,True,True,True
all7,ETIS-LaribPolypDB,boundary_dice,higher_better,MedSAM,MedSAM+USR,MedSAM -> MedSAM+USR,196,0.0120792753,3.248626604e-13,6.454348733e-11,8.688546371e-10,True,True,True,True,True
all7,ETIS-LaribPolypDB,boundary_dice,higher_better,MedSAM+ABLoss,MedSAM+ABLoss+USR,MedSAM+ABLoss -> MedSAM+ABLoss+USR,196,0.01432481256,2.39617525e-12,9.376720266e-19,5.469753488e-17,True,True,True,True,True
all7,ETIS-LaribPolypDB,boundary_dice,higher_better,MedSAM+USR,MedSAM+ABLoss+USR,MedSAM+USR -> MedSAM+ABLoss+USR,196,0.005138637561,4.00810075e-13,0.01142294321,0.02530398813,True,True,False,False,True
all7,ETIS-LaribPolypDB,dice,higher_better,MedSAM,MedSAM+ABLoss,MedSAM -> MedSAM+ABLoss,196,0.01547717934,3.55540632e-14,1.345260856e-05,7.133959087e-05,True,True,True,True,True
all7,ETIS-LaribPolypDB,dice,higher_better,MedSAM,MedSAM+ABLoss+USR,MedSAM -> MedSAM+ABLoss+USR,196,0.01779880548,1.226285203e-13,5.287701902e-09,4.406418252e-08,True,True,True,True,True
all7,ETIS-LaribPolypDB,dice,higher_better,MedSAM,MedSAM+USR,MedSAM -> MedSAM+USR,196,0.002404602379,1.25441811e-14,1.265064259e-09,1.383664033e-08,True,True,True,True,True
all7,ETIS-LaribPolypDB,dice,higher_better,MedSAM+ABLoss,MedSAM+ABLoss+USR,MedSAM+ABLoss -> MedSAM+ABLoss+USR,196,0.002321626144,3.179554339e-14,6.993772515e-12,1.22391019e-10,True,True,True,True,True
all7,ETIS-LaribPolypDB,dice,higher_better,MedSAM+USR,MedSAM+ABLoss+USR,MedSAM+USR -> MedSAM+ABLoss+USR,196,0.0153942031,4.257209777e-14,2.330464045e-05,0.0001126611466,True,True,True,True,True
all7,ETIS-LaribPolypDB,hd95,lower_better,MedSAM,MedSAM+ABLoss,MedSAM -> MedSAM+ABLoss,196,-5.079051999,0.6947519857,0.4312937804,0.5278070739,False,False,False,False,False
all7,ETIS-LaribPolypDB,hd95,lower_better,MedSAM,MedSAM+ABLoss+USR,MedSAM -> MedSAM+ABLoss+USR,196,-5.390769896,0.06007367485,0.1203858055,0.1932799629,False,False,False,False,False
all7,ETIS-LaribPolypDB,hd95,lower_better,MedSAM,MedSAM+USR,MedSAM -> MedSAM+USR,196,-0.5752784113,-0.6187861369,0.0006499998732,0.002321428118,True,True,False,True,True
all7,ETIS-LaribPolypDB,hd95,lower_better,MedSAM+ABLoss,MedSAM+ABLoss+USR,MedSAM+ABLoss -> MedSAM+ABLoss+USR,196,-0.3117178976,-0.4608931708,0.03918310699,0.0770454351,True,False,False,False,False
all7,ETIS-LaribPolypDB,hd95,lower_better,MedSAM+USR,MedSAM+ABLoss+USR,MedSAM+USR -> MedSAM+ABLoss+USR,196,-4.815491485,0.1126423402,0.3430058752,0.4413678541,False,False,False,False,False
all7,ETIS-LaribPolypDB,iou,higher_better,MedSAM,MedSAM+ABLoss,MedSAM -> MedSAM+ABLoss,196,0.01984818589,3.55540632e-14,9.675793598e-06,5.441650853e-05,True,True,True,True,True
all7,ETIS-LaribPolypDB,iou,higher_better,MedSAM,MedSAM+ABLoss+USR,MedSAM -> MedSAM+ABLoss+USR,196,0.02308920526,1.226285203e-13,2.098062311e-09,2.10485831e-08,True,True,True,True,True
all7,ETIS-LaribPolypDB,iou,higher_better,MedSAM,MedSAM+USR,MedSAM -> MedSAM+USR,196,0.003168343799,1.25441811e-14,2.105001383e-10,2.631251729e-09,True,True,True,True,True
all7,ETIS-LaribPolypDB,iou,higher_better,MedSAM+ABLoss,MedSAM+ABLoss+USR,MedSAM+ABLoss -> MedSAM+ABLoss+USR,196,0.00324101937,3.179554339e-14,1.176956561e-12,2.288526646e-11,True,True,True,True,True
all7,ETIS-LaribPolypDB,iou,higher_better,MedSAM+USR,MedSAM+ABLoss+USR,MedSAM+USR -> MedSAM+ABLoss+USR,196,0.01992086146,4.257209777e-14,1.441000739e-05,7.416915567e-05,True,True,True,True,True
all7,ETIS-LaribPolypDB,precision,higher_better,MedSAM,MedSAM+ABLoss,MedSAM -> MedSAM+ABLoss,196,0.01982558567,3.265772207e-13,5.081957296e-06,3.17622331e-05,True,True,True,True,True
all7,ETIS-LaribPolypDB,precision,higher_better,MedSAM,MedSAM+ABLoss+USR,MedSAM -> MedSAM+ABLoss+USR,196,0.02640633956,5.934998268e-13,2.373916044e-09,2.186501619e-08,True,True,True,True,True
all7,ETIS-LaribPolypDB,precision,higher_better,MedSAM,MedSAM+USR,MedSAM -> MedSAM+USR,196,0.006037188822,0.001562313516,8.203215808e-20,7.177813832e-18,True,True,True,True,True
all7,ETIS-LaribPolypDB,precision,higher_better,MedSAM+ABLoss,MedSAM+ABLoss+USR,MedSAM+ABLoss -> MedSAM+ABLoss+USR,196,0.006580753895,0.002332514207,1.085151085e-24,1.899014399e-22,True,True,True,True,True
all7,ETIS-LaribPolypDB,precision,higher_better,MedSAM+USR,MedSAM+ABLoss+USR,MedSAM+USR -> MedSAM+ABLoss+USR,196,0.02036915074,3.409395583e-13,6.565862789e-06,3.96215858e-05,True,True,True,True,True
all7,ETIS-LaribPolypDB,recall,higher_better,MedSAM,MedSAM+ABLoss,MedSAM -> MedSAM+ABLoss,196,0.00169839506,0,0.1196899242,0.1932799629,False,False,False,False,False
all7,ETIS-LaribPolypDB,recall,higher_better,MedSAM,MedSAM+ABLoss+USR,MedSAM -> MedSAM+ABLoss+USR,196,-0.001387449618,0,0.6004703402,0.6779503841,False,False,False,False,False
all7,ETIS-LaribPolypDB,recall,higher_better,MedSAM,MedSAM+USR,MedSAM -> MedSAM+USR,196,-0.002181145501,0,2.890873742e-11,4.21585754e-10,True,True,True,True,True
all7,ETIS-LaribPolypDB,recall,higher_better,MedSAM+ABLoss,MedSAM+ABLoss+USR,MedSAM+ABLoss -> MedSAM+ABLoss+USR,196,-0.003085844678,0,2.55552815e-11,4.065612966e-10,True,True,True,True,True
all7,ETIS-LaribPolypDB,recall,higher_better,MedSAM+USR,MedSAM+ABLoss+USR,MedSAM+USR -> MedSAM+ABLoss+USR,196,0.0007936958826,0,0.2488693881,0.3456519279,False,False,False,False,False
all7,Kvasir,assd,lower_better,MedSAM,MedSAM+ABLoss,MedSAM -> MedSAM+ABLoss,100,1.006983438,0.6532064381,0.04882002073,0.08993161713,True,False,False,False,False
all7,Kvasir,assd,lower_better,MedSAM,MedSAM+ABLoss+USR,MedSAM -> MedSAM+ABLoss+USR,100,0.5420863133,0.2248055829,0.4473324208,0.5436331503,False,False,False,False,False
all7,Kvasir,assd,lower_better,MedSAM,MedSAM+USR,MedSAM -> MedSAM+USR,100,-0.4006748561,-0.2469883823,0.0004648835849,0.001730949518,True,True,False,True,True
all7,Kvasir,assd,lower_better,MedSAM+ABLoss,MedSAM+ABLoss+USR,MedSAM+ABLoss -> MedSAM+ABLoss+USR,100,-0.4648971246,-0.4233349661,6.881249881e-06,4.01406243e-05,True,True,True,True,True
all7,Kvasir,assd,lower_better,MedSAM+USR,MedSAM+ABLoss+USR,MedSAM+USR -> MedSAM+ABLoss+USR,100,0.9427611694,0.2874061404,0.1439364056,0.2207122434,False,False,False,False,False
all7,Kvasir,boundary_dice,higher_better,MedSAM,MedSAM+ABLoss,MedSAM -> MedSAM+ABLoss,100,-0.04067865465,-0.03732526222,9.950447275e-06,5.441650853e-05,True,True,True,True,True
all7,Kvasir,boundary_dice,higher_better,MedSAM,MedSAM+ABLoss+USR,MedSAM -> MedSAM+ABLoss+USR,100,-0.01291820222,-0.01509909074,0.02497509023,0.05022439977,True,False,False,False,False
all7,Kvasir,boundary_dice,higher_better,MedSAM,MedSAM+USR,MedSAM -> MedSAM+USR,100,0.01814981466,0.01633061997,1.435571871e-07,1.046771156e-06,True,True,True,True,True
all7,Kvasir,boundary_dice,higher_better,MedSAM+ABLoss,MedSAM+ABLoss+USR,MedSAM+ABLoss -> MedSAM+ABLoss+USR,100,0.02776045243,0.02466708239,1.850840753e-14,4.048714148e-13,True,True,True,True,True
all7,Kvasir,boundary_dice,higher_better,MedSAM+USR,MedSAM+ABLoss+USR,MedSAM+USR -> MedSAM+ABLoss+USR,100,-0.03106801689,-0.0285043171,7.046698256e-05,0.0003082930487,True,True,True,True,True
all7,Kvasir,dice,higher_better,MedSAM,MedSAM+ABLoss,MedSAM -> MedSAM+ABLoss,100,0.002056238738,-0.001630216706,0.3496726883,0.4466621931,False,False,False,False,False
all7,Kvasir,dice,higher_better,MedSAM,MedSAM+ABLoss+USR,MedSAM -> MedSAM+ABLoss+USR,100,0.005630888932,-3.095770171e-05,0.8933277152,0.9142242699,False,False,False,False,False
all7,Kvasir,dice,higher_better,MedSAM,MedSAM+USR,MedSAM -> MedSAM+USR,100,0.002749336255,0.001606581119,3.425207458e-05,0.0001577398172,True,True,True,True,True
all7,Kvasir,dice,higher_better,MedSAM+ABLoss,MedSAM+ABLoss+USR,MedSAM+ABLoss -> MedSAM+ABLoss+USR,100,0.003574650194,0.002968237941,1.612264994e-08,1.282483518e-07,True,True,True,True,True
all7,Kvasir,dice,higher_better,MedSAM+USR,MedSAM+ABLoss+USR,MedSAM+USR -> MedSAM+ABLoss+USR,100,0.002881552677,-1.335226627e-05,0.5704943464,0.6568191489,False,False,False,False,False
all7,Kvasir,hd95,lower_better,MedSAM,MedSAM+ABLoss,MedSAM -> MedSAM+ABLoss,100,-2.045022182,-0.5294012748,0.7027179817,0.7638238931,False,False,False,False,False
all7,Kvasir,hd95,lower_better,MedSAM,MedSAM+ABLoss+USR,MedSAM -> MedSAM+ABLoss+USR,100,-2.585838272,-0.6764415038,0.4643219976,0.5603886178,False,False,False,False,False
all7,Kvasir,hd95,lower_better,MedSAM,MedSAM+USR,MedSAM -> MedSAM+USR,100,-0.7988652449,-0.5431983695,0.0007242321859,0.002485110442,True,True,False,True,True
all7,Kvasir,hd95,lower_better,MedSAM+ABLoss,MedSAM+ABLoss+USR,MedSAM+ABLoss -> MedSAM+ABLoss+USR,100,-0.5408160901,-0.7406153279,0.0002791277469,0.001085496794,True,True,False,True,True
all7,Kvasir,hd95,lower_better,MedSAM+USR,MedSAM+ABLoss+USR,MedSAM+USR -> MedSAM+ABLoss+USR,100,-1.786973027,0.2156049556,0.867559776,0.8983607148,False,False,False,False,False
all7,Kvasir,iou,higher_better,MedSAM,MedSAM+ABLoss,MedSAM -> MedSAM+ABLoss,100,0.0009792406306,-0.002887234527,0.2818397532,0.3823407504,False,False,False,False,False
all7,Kvasir,iou,higher_better,MedSAM,MedSAM+ABLoss+USR,MedSAM -> MedSAM+ABLoss+USR,100,0.006582709325,-6.046491805e-05,0.8581003268,0.8938545071,False,False,False,False,False
all7,Kvasir,iou,higher_better,MedSAM,MedSAM+USR,MedSAM -> MedSAM+USR,100,0.004067829695,0.002346305425,2.381978528e-05,0.0001126611466,True,True,True,True,True
all7,Kvasir,iou,higher_better,MedSAM+ABLoss,MedSAM+ABLoss+USR,MedSAM+ABLoss -> MedSAM+ABLoss+USR,100,0.005603468694,0.004749529485,1.235865758e-09,1.383664033e-08,True,True,True,True,True
all7,Kvasir,iou,higher_better,MedSAM+USR,MedSAM+ABLoss+USR,MedSAM+USR -> MedSAM+ABLoss+USR,100,0.00251487963,-8.549630864e-06,0.5157933846,0.6032841381,False,False,False,False,False
all7,Kvasir,precision,higher_better,MedSAM,MedSAM+ABLoss,MedSAM -> MedSAM+ABLoss,100,3.376670008e-05,-0.005166280875,0.07213836662,0.1239693126,False,False,False,False,False
all7,Kvasir,precision,higher_better,MedSAM,MedSAM+ABLoss+USR,MedSAM -> MedSAM+ABLoss+USR,100,0.009048760647,-0.0001757396538,0.8446222854,0.8904150599,False,False,False,False,False
all7,Kvasir,precision,higher_better,MedSAM,MedSAM+USR,MedSAM -> MedSAM+USR,100,0.007965626102,0.005581921581,9.330061593e-16,3.57733282e-14,True,True,True,True,True
all7,Kvasir,precision,higher_better,MedSAM+ABLoss,MedSAM+ABLoss+USR,MedSAM+ABLoss -> MedSAM+ABLoss+USR,100,0.009014993947,0.007548024835,1.022095091e-15,3.57733282e-14,True,True,True,True,True
all7,Kvasir,precision,higher_better,MedSAM+USR,MedSAM+ABLoss+USR,MedSAM+USR -> MedSAM+ABLoss+USR,100,0.001083134545,-0.004916960826,0.07225639935,0.1239693126,False,False,False,False,False
all7,Kvasir,recall,higher_better,MedSAM,MedSAM+ABLoss,MedSAM -> MedSAM+ABLoss,100,0.00302730192,0.003661769042,1.934235104e-05,9.671175521e-05,True,True,True,True,True
all7,Kvasir,recall,higher_better,MedSAM,MedSAM+ABLoss+USR,MedSAM -> MedSAM+ABLoss+USR,100,8.414131927e-05,0.001610659921,0.01282523364,0.02737092545,True,True,False,False,True
all7,Kvasir,recall,higher_better,MedSAM,MedSAM+USR,MedSAM -> MedSAM+USR,100,-0.003930242377,-0.00347213303,1.46020605e-14,3.650515125e-13,True,True,True,True,True
all7,Kvasir,recall,higher_better,MedSAM+ABLoss,MedSAM+ABLoss+USR,MedSAM+ABLoss -> MedSAM+ABLoss+USR,100,-0.002943160601,-0.002420154261,1.414255627e-15,4.124912246e-14,True,True,True,True,True
all7,Kvasir,recall,higher_better,MedSAM+USR,MedSAM+ABLoss+USR,MedSAM+USR -> MedSAM+ABLoss+USR,100,0.004014383696,0.005023743772,4.478165774e-06,3.008580822e-05,True,True,True,True,True
table8,CVC-300,assd,lower_better,MedSAM,MedSAM+ABLoss,MedSAM -> MedSAM+ABLoss,60,-0.6498607733,-0.9158789282,0.01063476872,0.0276947102,True,True,False,False,True
table8,CVC-300,assd,lower_better,MedSAM,MedSAM+ABLoss+USR,MedSAM -> MedSAM+ABLoss+USR,60,-0.6238822411,-1.000615331,0.008774154976,0.02333551855,True,True,False,False,True
table8,CVC-300,assd,lower_better,MedSAM,MedSAM+USR,MedSAM -> MedSAM+USR,60,-0.148767054,-0.08766636514,0.06357852752,0.1241768116,False,False,False,False,False
table8,CVC-300,assd,lower_better,MedSAM+ABLoss,MedSAM+ABLoss+USR,MedSAM+ABLoss -> MedSAM+ABLoss+USR,60,0.02597853215,-0.1469400203,0.05948786602,0.1180314802,False,False,False,False,False
table8,CVC-300,assd,lower_better,MedSAM+USR,MedSAM+ABLoss+USR,MedSAM+USR -> MedSAM+ABLoss+USR,60,-0.4751151871,-0.5485435474,0.04070468302,0.08623873521,True,False,False,False,False
table8,CVC-300,boundary_dice,higher_better,MedSAM,MedSAM+ABLoss,MedSAM -> MedSAM+ABLoss,60,-0.0001524657046,3.325081759e-13,0.7909958204,0.8673199785,False,False,False,False,False
table8,CVC-300,boundary_dice,higher_better,MedSAM,MedSAM+ABLoss+USR,MedSAM -> MedSAM+ABLoss+USR,60,0.005544387153,2.175378029e-12,0.5171006898,0.6155960593,False,False,False,False,False
table8,CVC-300,boundary_dice,higher_better,MedSAM,MedSAM+USR,MedSAM -> MedSAM+USR,60,0.008072171565,0.002692670605,0.005514668227,0.01603101229,True,True,False,False,True
table8,CVC-300,boundary_dice,higher_better,MedSAM+ABLoss,MedSAM+ABLoss+USR,MedSAM+ABLoss -> MedSAM+ABLoss+USR,60,0.005696852858,0.003839018569,0.001988977492,0.006906171849,True,True,False,True,True
table8,CVC-300,boundary_dice,higher_better,MedSAM+USR,MedSAM+ABLoss+USR,MedSAM+USR -> MedSAM+ABLoss+USR,60,-0.002527784411,2.536953283e-14,0.9004069764,0.9225481316,False,False,False,False,False
table8,CVC-300,dice,higher_better,MedSAM,MedSAM+ABLoss,MedSAM -> MedSAM+ABLoss,60,0.01561014576,0.008263015302,0.008044959221,0.02186130223,True,True,False,False,True
table8,CVC-300,dice,higher_better,MedSAM,MedSAM+ABLoss+USR,MedSAM -> MedSAM+ABLoss+USR,60,0.01776395954,0.01381860329,0.004091429449,0.0134586495,True,True,False,False,True
table8,CVC-300,dice,higher_better,MedSAM,MedSAM+USR,MedSAM -> MedSAM+USR,60,0.00201094098,0.0007833030549,0.07363583006,0.1394617994,False,False,False,False,False
table8,CVC-300,dice,higher_better,MedSAM+ABLoss,MedSAM+ABLoss+USR,MedSAM+ABLoss -> MedSAM+ABLoss+USR,60,0.002153813785,0.001273335325,0.02428119314,0.05620646561,True,False,False,False,False
table8,CVC-300,dice,higher_better,MedSAM+USR,MedSAM+ABLoss+USR,MedSAM+USR -> MedSAM+ABLoss+USR,60,0.01575301857,0.009273039857,0.02162903236,0.05101186878,True,False,False,False,False
table8,CVC-300,hd95,lower_better,MedSAM,MedSAM+ABLoss,MedSAM -> MedSAM+ABLoss,60,-4.36735163,-4.979202711,0.0001013982337,0.000487491508,True,True,True,True,True
table8,CVC-300,hd95,lower_better,MedSAM,MedSAM+ABLoss+USR,MedSAM -> MedSAM+ABLoss+USR,60,-4.452941398,-5.176918075,8.950415388e-05,0.0004475207694,True,True,True,True,True
table8,CVC-300,hd95,lower_better,MedSAM,MedSAM+USR,MedSAM -> MedSAM+USR,60,-0.3880866945,0,0.1475751341,0.2459585568,False,False,False,False,False
table8,CVC-300,hd95,lower_better,MedSAM+ABLoss,MedSAM+ABLoss+USR,MedSAM+ABLoss -> MedSAM+ABLoss+USR,60,-0.08558976863,0,0.4309383284,0.5501196179,False,False,False,False,False
table8,CVC-300,hd95,lower_better,MedSAM+USR,MedSAM+ABLoss+USR,MedSAM+USR -> MedSAM+ABLoss+USR,60,-4.064854704,-4.262277092,0.0003770223827,0.001683135637,True,True,False,True,True
table8,CVC-300,iou,higher_better,MedSAM,MedSAM+ABLoss,MedSAM -> MedSAM+ABLoss,60,0.02500398137,0.01189714421,0.002363096124,0.007983432852,True,True,False,True,True
table8,CVC-300,iou,higher_better,MedSAM,MedSAM+ABLoss+USR,MedSAM -> MedSAM+ABLoss+USR,60,0.02830389847,0.0190239844,0.00108099414,0.00397424316,True,True,False,True,True
table8,CVC-300,iou,higher_better,MedSAM,MedSAM+USR,MedSAM -> MedSAM+USR,60,0.003330656089,0.001337097998,0.04070468302,0.08623873521,True,False,False,False,False
table8,CVC-300,iou,higher_better,MedSAM+ABLoss,MedSAM+ABLoss+USR,MedSAM+ABLoss -> MedSAM+ABLoss+USR,60,0.003299917105,0.001568331981,0.01086177447,0.02770860835,True,True,False,False,True
table8,CVC-300,iou,higher_better,MedSAM+USR,MedSAM+ABLoss+USR,MedSAM+USR -> MedSAM+ABLoss+USR,60,0.02497324239,0.01145426134,0.007052676173,0.01959076715,True,True,False,False,True
table8,CVC-ClinicDB,assd,lower_better,MedSAM,MedSAM+ABLoss,MedSAM -> MedSAM+ABLoss,62,-0.4516980999,0.09855894347,0.6211079866,0.6994459308,False,False,False,False,False
table8,CVC-ClinicDB,assd,lower_better,MedSAM,MedSAM+ABLoss+USR,MedSAM -> MedSAM+ABLoss+USR,62,-0.3065880556,0.1037154014,0.6714418946,0.7493771146,False,False,False,False,False
table8,CVC-ClinicDB,assd,lower_better,MedSAM,MedSAM+USR,MedSAM -> MedSAM+USR,62,0.1189278087,0.03208321074,0.2374574316,0.3664466537,False,False,False,False,False
table8,CVC-ClinicDB,assd,lower_better,MedSAM+ABLoss,MedSAM+ABLoss+USR,MedSAM+ABLoss -> MedSAM+ABLoss+USR,62,0.1451100443,-0.02694055695,0.3177569483,0.4607862759,False,False,False,False,False
table8,CVC-ClinicDB,assd,lower_better,MedSAM+USR,MedSAM+ABLoss+USR,MedSAM+USR -> MedSAM+ABLoss+USR,62,-0.4255158643,-0.08439735804,0.3010738593,0.4427556755,False,False,False,False,False
table8,CVC-ClinicDB,boundary_dice,higher_better,MedSAM,MedSAM+ABLoss,MedSAM -> MedSAM+ABLoss,62,-0.01039713964,4.971717714e-13,0.586883224,0.6730312202,False,False,False,False,False
table8,CVC-ClinicDB,boundary_dice,higher_better,MedSAM,MedSAM+ABLoss+USR,MedSAM -> MedSAM+ABLoss+USR,62,-0.00631462309,2.715049363e-12,0.9413157267,0.9566216735,False,False,False,False,False
table8,CVC-ClinicDB,boundary_dice,higher_better,MedSAM,MedSAM+USR,MedSAM -> MedSAM+USR,62,0.002177335569,0.001231503407,0.1068459749,0.1964080421,False,False,False,False,False
table8,CVC-ClinicDB,boundary_dice,higher_better,MedSAM+ABLoss,MedSAM+ABLoss+USR,MedSAM+ABLoss -> MedSAM+ABLoss+USR,62,0.004082516551,0.001749197996,0.01181345401,0.02895454415,True,True,False,False,True
table8,CVC-ClinicDB,boundary_dice,higher_better,MedSAM+USR,MedSAM+ABLoss+USR,MedSAM+USR -> MedSAM+ABLoss+USR,62,-0.008491958659,0.001202650342,0.8886093248,0.9225481316,False,False,False,False,False
table8,CVC-ClinicDB,dice,higher_better,MedSAM,MedSAM+ABLoss,MedSAM -> MedSAM+ABLoss,62,0.01358925679,9.637550277e-13,0.3421120472,0.4711619165,False,False,False,False,False
table8,CVC-ClinicDB,dice,higher_better,MedSAM,MedSAM+ABLoss+USR,MedSAM -> MedSAM+ABLoss+USR,62,0.01394966391,0.0005091331923,0.2787148702,0.4194043946,False,False,False,False,False
table8,CVC-ClinicDB,dice,higher_better,MedSAM,MedSAM+USR,MedSAM -> MedSAM+USR,62,0.0003184218765,0.0002479584135,0.410052589,0.5452826981,False,False,False,False,False
table8,CVC-ClinicDB,dice,higher_better,MedSAM+ABLoss,MedSAM+ABLoss+USR,MedSAM+ABLoss -> MedSAM+ABLoss+USR,62,0.0003604071135,0.000436241038,0.1910208499,0.3061231569,False,False,False,False,False
table8,CVC-ClinicDB,dice,higher_better,MedSAM+USR,MedSAM+ABLoss+USR,MedSAM+USR -> MedSAM+ABLoss+USR,62,0.01363124203,2.492461316e-13,0.2545783078,0.3880766888,False,False,False,False,False
table8,CVC-ClinicDB,hd95,lower_better,MedSAM,MedSAM+ABLoss,MedSAM -> MedSAM+ABLoss,62,-1.118221354,0.2409465261,0.968487555,0.9759212707,False,False,False,False,False
table8,CVC-ClinicDB,hd95,lower_better,MedSAM,MedSAM+ABLoss+USR,MedSAM -> MedSAM+ABLoss+USR,62,-0.6812985497,0.2974952153,0.830947528,0.8954175948,False,False,False,False,False
table8,CVC-ClinicDB,hd95,lower_better,MedSAM,MedSAM+USR,MedSAM -> MedSAM+USR,62,0.2094304827,0,0.4774936284,0.590957461,False,False,False,False,False
table8,CVC-ClinicDB,hd95,lower_better,MedSAM+ABLoss,MedSAM+ABLoss+USR,MedSAM+ABLoss -> MedSAM+ABLoss+USR,62,0.4369228041,0,0.40119089,0.5392350673,False,False,False,False,False
table8,CVC-ClinicDB,hd95,lower_better,MedSAM+USR,MedSAM+ABLoss+USR,MedSAM+USR -> MedSAM+ABLoss+USR,62,-0.8907290324,0.2718178889,0.586883224,0.6730312202,False,False,False,False,False
table8,CVC-ClinicDB,iou,higher_better,MedSAM,MedSAM+ABLoss,MedSAM -> MedSAM+ABLoss,62,0.01342786823,9.637550277e-13,0.4261734078,0.5501196179,False,False,False,False,False
table8,CVC-ClinicDB,iou,higher_better,MedSAM,MedSAM+ABLoss+USR,MedSAM -> MedSAM+ABLoss+USR,62,0.01430923266,0.0005258713868,0.3421120472,0.4711619165,False,False,False,False,False
table8,CVC-ClinicDB,iou,higher_better,MedSAM,MedSAM+USR,MedSAM -> MedSAM+USR,62,0.0003217452019,0.0004110175726,0.4180672373,0.5500884701,False,False,False,False,False
table8,CVC-ClinicDB,iou,higher_better,MedSAM+ABLoss,MedSAM+ABLoss+USR,MedSAM+ABLoss -> MedSAM+ABLoss+USR,62,0.0008813644341,0.0007084883829,0.1536509949,0.2494334332,False,False,False,False,False
table8,CVC-ClinicDB,iou,higher_better,MedSAM+USR,MedSAM+ABLoss+USR,MedSAM+USR -> MedSAM+ABLoss+USR,62,0.01398748746,2.492461316e-13,0.3280522182,0.4659832645,False,False,False,False,False
table8,CVC-ColonDB,assd,lower_better,MedSAM,MedSAM+ABLoss,MedSAM -> MedSAM+ABLoss,380,0.3424535233,-0.104843404,0.4859160198,0.5954853183,False,False,False,False,False
table8,CVC-ColonDB,assd,lower_better,MedSAM,MedSAM+ABLoss+USR,MedSAM -> MedSAM+ABLoss+USR,380,0.3934822753,-0.1531527436,0.6191469034,0.6994459308,False,False,False,False,False
table8,CVC-ColonDB,assd,lower_better,MedSAM,MedSAM+USR,MedSAM -> MedSAM+USR,380,-0.07348507676,-0.02463285551,0.1250006738,0.2232154889,False,False,False,False,False
table8,CVC-ColonDB,assd,lower_better,MedSAM+ABLoss,MedSAM+ABLoss+USR,MedSAM+ABLoss -> MedSAM+ABLoss+USR,380,0.05102875195,-0.0276852927,0.4953135721,0.601108704,False,False,False,False,False
table8,CVC-ColonDB,assd,lower_better,MedSAM+USR,MedSAM+ABLoss+USR,MedSAM+USR -> MedSAM+ABLoss+USR,380,0.466967352,-0.01178049444,0.2253035203,0.3537110042,False,False,False,False,False
table8,CVC-ColonDB,boundary_dice,higher_better,MedSAM,MedSAM+ABLoss,MedSAM -> MedSAM+ABLoss,380,0.004813114878,3.864064525e-13,0.1347509896,0.2352291439,False,False,False,False,False
table8,CVC-ColonDB,boundary_dice,higher_better,MedSAM,MedSAM+ABLoss+USR,MedSAM -> MedSAM+ABLoss+USR,380,0.007776708546,8.103269843e-13,0.02525569817,0.05637432627,True,False,False,False,False
table8,CVC-ColonDB,boundary_dice,higher_better,MedSAM,MedSAM+USR,MedSAM -> MedSAM+USR,380,0.003021850192,0.0001512887316,7.441291966e-08,7.155088429e-07,True,True,True,True,True
table8,CVC-ColonDB,boundary_dice,higher_better,MedSAM+ABLoss,MedSAM+ABLoss+USR,MedSAM+ABLoss -> MedSAM+ABLoss+USR,380,0.002963593668,0.0004927451381,4.912420202e-09,6.008752162e-08,True,True,True,True,True
table8,CVC-ColonDB,boundary_dice,higher_better,MedSAM+USR,MedSAM+ABLoss+USR,MedSAM+USR -> MedSAM+ABLoss+USR,380,0.004754858354,1.170130091e-12,0.0698701868,0.1343657439,False,False,False,False,False
table8,CVC-ColonDB,dice,higher_better,MedSAM,MedSAM+ABLoss,MedSAM -> MedSAM+ABLoss,380,0.00472253349,5.005220165e-13,0.004658464544,0.01386447781,True,True,False,False,True
table8,CVC-ColonDB,dice,higher_better,MedSAM,MedSAM+ABLoss+USR,MedSAM -> MedSAM+ABLoss+USR,380,0.005525027337,3.75570048e-13,0.004584373171,0.01386447781,True,True,False,False,True
table8,CVC-ColonDB,dice,higher_better,MedSAM,MedSAM+USR,MedSAM -> MedSAM+USR,380,0.000748652046,1.697151336e-14,0.005859689022,0.01664684381,True,True,False,False,True
table8,CVC-ColonDB,dice,higher_better,MedSAM+ABLoss,MedSAM+ABLoss+USR,MedSAM+ABLoss -> MedSAM+ABLoss+USR,380,0.0008024938463,3.926137049e-14,0.004387399043,0.01371062201,True,True,False,False,True
table8,CVC-ColonDB,dice,higher_better,MedSAM+USR,MedSAM+ABLoss+USR,MedSAM+USR -> MedSAM+ABLoss+USR,380,0.004776375291,1.208532956e-13,0.04406813947,0.0918086239,True,False,False,False,False
table8,CVC-ColonDB,hd95,lower_better,MedSAM,MedSAM+ABLoss,MedSAM -> MedSAM+ABLoss,380,-1.148171419,-0.5415680165,0.1472875853,0.2459585568,False,False,False,False,False
table8,CVC-ColonDB,hd95,lower_better,MedSAM,MedSAM+ABLoss+USR,MedSAM -> MedSAM+ABLoss+USR,380,-1.451070434,-0.7602266719,0.09291876402,0.173355903,False,False,False,False,False
table8,CVC-ColonDB,hd95,lower_better,MedSAM,MedSAM+USR,MedSAM -> MedSAM+USR,380,-0.694787398,0,0.2263750427,0.3537110042,False,False,False,False,False
table8,CVC-ColonDB,hd95,lower_better,MedSAM+ABLoss,MedSAM+ABLoss+USR,MedSAM+ABLoss -> MedSAM+ABLoss+USR,380,-0.3028990147,0,0.5291046115,0.6239441174,False,False,False,False,False
table8,CVC-ColonDB,hd95,lower_better,MedSAM+USR,MedSAM+ABLoss+USR,MedSAM+USR -> MedSAM+ABLoss+USR,380,-0.7562830359,-0.102378611,0.320707248,0.4607862759,False,False,False,False,False
table8,CVC-ColonDB,iou,higher_better,MedSAM,MedSAM+ABLoss,MedSAM -> MedSAM+ABLoss,380,0.007878633269,5.005220165e-13,0.0007562012074,0.002864398513,True,True,False,True,True
table8,CVC-ColonDB,iou,higher_better,MedSAM,MedSAM+ABLoss+USR,MedSAM -> MedSAM+ABLoss+USR,380,0.009065652445,3.75570048e-13,0.0006725234569,0.002711788133,True,True,False,True,True
table8,CVC-ColonDB,iou,higher_better,MedSAM,MedSAM+USR,MedSAM -> MedSAM+USR,380,0.001193282768,1.697151336e-14,0.004204315053,0.01347536876,True,True,False,False,True
table8,CVC-ColonDB,iou,higher_better,MedSAM+ABLoss,MedSAM+ABLoss+USR,MedSAM+ABLoss -> MedSAM+ABLoss+USR,380,0.001187019176,3.926137049e-14,0.00155912706,0.00556831093,True,True,False,True,True
table8,CVC-ColonDB,iou,higher_better,MedSAM+USR,MedSAM+ABLoss+USR,MedSAM+USR -> MedSAM+ABLoss+USR,380,0.007872369676,1.208532956e-13,0.01228092247,0.02952144824,True,True,False,False,True
table8,ETIS-LaribPolypDB,assd,lower_better,MedSAM,MedSAM+ABLoss,MedSAM -> MedSAM+ABLoss,196,-2.556708309,0.3796695187,0.9759212707,0.9759212707,False,False,False,False,False
table8,ETIS-LaribPolypDB,assd,lower_better,MedSAM,MedSAM+ABLoss+USR,MedSAM -> MedSAM+ABLoss+USR,196,-1.419299342,-0.1140387607,0.8572788496,0.9090045835,False,False,False,False,False
table8,ETIS-LaribPolypDB,assd,lower_better,MedSAM,MedSAM+USR,MedSAM -> MedSAM+USR,196,-0.1430587279,-0.3750218833,0.04705816655,0.09643066916,True,False,False,False,False
table8,ETIS-LaribPolypDB,assd,lower_better,MedSAM+ABLoss,MedSAM+ABLoss+USR,MedSAM+ABLoss -> MedSAM+ABLoss+USR,196,1.137408967,-0.3614115104,0.1354919869,0.2352291439,False,False,False,False,False
table8,ETIS-LaribPolypDB,assd,lower_better,MedSAM+USR,MedSAM+ABLoss+USR,MedSAM+USR -> MedSAM+ABLoss+USR,196,-1.276240614,0.369361108,0.8277660004,0.8954175948,False,False,False,False,False
table8,ETIS-LaribPolypDB,boundary_dice,higher_better,MedSAM,MedSAM+ABLoss,MedSAM -> MedSAM+ABLoss,196,0.002893100309,2.758664965e-13,0.1531778979,0.2494334332,False,False,False,False,False
table8,ETIS-LaribPolypDB,boundary_dice,higher_better,MedSAM,MedSAM+ABLoss+USR,MedSAM -> MedSAM+ABLoss+USR,196,0.01721791287,6.432687284e-13,4.863302254e-05,0.0002643099051,True,True,True,True,True
table8,ETIS-LaribPolypDB,boundary_dice,higher_better,MedSAM,MedSAM+USR,MedSAM -> MedSAM+USR,196,0.0120792753,3.248626604e-13,6.454348733e-11,1.613587183e-09,True,True,True,True,True
table8,ETIS-LaribPolypDB,boundary_dice,higher_better,MedSAM+ABLoss,MedSAM+ABLoss+USR,MedSAM+ABLoss -> MedSAM+ABLoss+USR,196,0.01432481256,2.39617525e-12,9.376720266e-19,1.172090033e-16,True,True,True,True,True
table8,ETIS-LaribPolypDB,boundary_dice,higher_better,MedSAM+USR,MedSAM+ABLoss+USR,MedSAM+USR -> MedSAM+ABLoss+USR,196,0.005138637561,4.00810075e-13,0.01142294321,0.02855735803,True,True,False,False,True
table8,ETIS-LaribPolypDB,dice,higher_better,MedSAM,MedSAM+ABLoss,MedSAM -> MedSAM+ABLoss,196,0.01547717934,3.55540632e-14,1.345260856e-05,9.342089281e-05,True,True,True,True,True
table8,ETIS-LaribPolypDB,dice,higher_better,MedSAM,MedSAM+ABLoss+USR,MedSAM -> MedSAM+ABLoss+USR,196,0.01779880548,1.226285203e-13,5.287701902e-09,6.008752162e-08,True,True,True,True,True
table8,ETIS-LaribPolypDB,dice,higher_better,MedSAM,MedSAM+USR,MedSAM -> MedSAM+USR,196,0.002404602379,1.25441811e-14,1.265064259e-09,1.976662904e-08,True,True,True,True,True
table8,ETIS-LaribPolypDB,dice,higher_better,MedSAM+ABLoss,MedSAM+ABLoss+USR,MedSAM+ABLoss -> MedSAM+ABLoss+USR,196,0.002321626144,3.179554339e-14,6.993772515e-12,2.185553911e-10,True,True,True,True,True
table8,ETIS-LaribPolypDB,dice,higher_better,MedSAM+USR,MedSAM+ABLoss+USR,MedSAM+USR -> MedSAM+ABLoss+USR,196,0.0153942031,4.257209777e-14,2.330464045e-05,0.0001417844362,True,True,True,True,True
table8,ETIS-LaribPolypDB,hd95,lower_better,MedSAM,MedSAM+ABLoss,MedSAM -> MedSAM+ABLoss,196,-5.079051999,0.6947519857,0.4312937804,0.5501196179,False,False,False,False,False
table8,ETIS-LaribPolypDB,hd95,lower_better,MedSAM,MedSAM+ABLoss+USR,MedSAM -> MedSAM+ABLoss+USR,196,-5.390769896,0.06007367485,0.1203858055,0.2180902273,False,False,False,False,False
table8,ETIS-LaribPolypDB,hd95,lower_better,MedSAM,MedSAM+USR,MedSAM -> MedSAM+USR,196,-0.5752784113,-0.6187861369,0.0006499998732,0.002708332805,True,True,False,True,True
table8,ETIS-LaribPolypDB,hd95,lower_better,MedSAM+ABLoss,MedSAM+ABLoss+USR,MedSAM+ABLoss -> MedSAM+ABLoss+USR,196,-0.3117178976,-0.4608931708,0.03918310699,0.08592786621,True,False,False,False,False
table8,ETIS-LaribPolypDB,hd95,lower_better,MedSAM+USR,MedSAM+ABLoss+USR,MedSAM+USR -> MedSAM+ABLoss+USR,196,-4.815491485,0.1126423402,0.3430058752,0.4711619165,False,False,False,False,False
table8,ETIS-LaribPolypDB,iou,higher_better,MedSAM,MedSAM+ABLoss,MedSAM -> MedSAM+ABLoss,196,0.01984818589,3.55540632e-14,9.675793598e-06,7.316505349e-05,True,True,True,True,True
table8,ETIS-LaribPolypDB,iou,higher_better,MedSAM,MedSAM+ABLoss+USR,MedSAM -> MedSAM+ABLoss+USR,196,0.02308920526,1.226285203e-13,2.098062311e-09,2.913975432e-08,True,True,True,True,True
table8,ETIS-LaribPolypDB,iou,higher_better,MedSAM,MedSAM+USR,MedSAM -> MedSAM+USR,196,0.003168343799,1.25441811e-14,2.105001383e-10,4.385419548e-09,True,True,True,True,True
table8,ETIS-LaribPolypDB,iou,higher_better,MedSAM+ABLoss,MedSAM+ABLoss+USR,MedSAM+ABLoss -> MedSAM+ABLoss+USR,196,0.00324101937,3.179554339e-14,1.176956561e-12,4.90398567e-11,True,True,True,True,True
table8,ETIS-LaribPolypDB,iou,higher_better,MedSAM+USR,MedSAM+ABLoss+USR,MedSAM+USR -> MedSAM+ABLoss+USR,196,0.01992086146,4.257209777e-14,1.441000739e-05,9.480268018e-05,True,True,True,True,True
table8,Kvasir,assd,lower_better,MedSAM,MedSAM+ABLoss,MedSAM -> MedSAM+ABLoss,100,1.006983438,0.6532064381,0.04882002073,0.09842746114,True,False,False,False,False
table8,Kvasir,assd,lower_better,MedSAM,MedSAM+ABLoss+USR,MedSAM -> MedSAM+ABLoss+USR,100,0.5420863133,0.2248055829,0.4473324208,0.5648136626,False,False,False,False,False
table8,Kvasir,assd,lower_better,MedSAM,MedSAM+USR,MedSAM -> MedSAM+USR,100,-0.4006748561,-0.2469883823,0.0004648835849,0.002003808556,True,True,False,True,True
table8,Kvasir,assd,lower_better,MedSAM+ABLoss,MedSAM+ABLoss+USR,MedSAM+ABLoss -> MedSAM+ABLoss+USR,100,-0.4648971246,-0.4233349661,6.881249881e-06,5.7343749e-05,True,True,True,True,True
table8,Kvasir,assd,lower_better,MedSAM+USR,MedSAM+ABLoss+USR,MedSAM+USR -> MedSAM+ABLoss+USR,100,0.9427611694,0.2874061404,0.1439364056,0.2459585568,False,False,False,False,False
table8,Kvasir,boundary_dice,higher_better,MedSAM,MedSAM+ABLoss,MedSAM -> MedSAM+ABLoss,100,-0.04067865465,-0.03732526222,9.950447275e-06,7.316505349e-05,True,True,True,True,True
table8,Kvasir,boundary_dice,higher_better,MedSAM,MedSAM+ABLoss+USR,MedSAM -> MedSAM+ABLoss+USR,100,-0.01291820222,-0.01509909074,0.02497509023,0.05637432627,True,False,False,False,False
table8,Kvasir,boundary_dice,higher_better,MedSAM,MedSAM+USR,MedSAM -> MedSAM+USR,100,0.01814981466,0.01633061997,1.435571871e-07,1.281760599e-06,True,True,True,True,True
table8,Kvasir,boundary_dice,higher_better,MedSAM+ABLoss,MedSAM+ABLoss+USR,MedSAM+ABLoss -> MedSAM+ABLoss+USR,100,0.02776045243,0.02466708239,1.850840753e-14,1.156775471e-12,True,True,True,True,True
table8,Kvasir,boundary_dice,higher_better,MedSAM+USR,MedSAM+ABLoss+USR,MedSAM+USR -> MedSAM+ABLoss+USR,100,-0.03106801689,-0.0285043171,7.046698256e-05,0.0003670155341,True,True,True,True,True
table8,Kvasir,dice,higher_better,MedSAM,MedSAM+ABLoss,MedSAM -> MedSAM+ABLoss,100,0.002056238738,-0.001630216706,0.3496726883,0.4750987613,False,False,False,False,False
table8,Kvasir,dice,higher_better,MedSAM,MedSAM+ABLoss+USR,MedSAM -> MedSAM+ABLoss+USR,100,0.005630888932,-3.095770171e-05,0.8933277152,0.9225481316,False,False,False,False,False
table8,Kvasir,dice,higher_better,MedSAM,MedSAM+USR,MedSAM -> MedSAM+USR,100,0.002749336255,0.001606581119,3.425207458e-05,0.0001946140601,True,True,True,True,True
table8,Kvasir,dice,higher_better,MedSAM+ABLoss,MedSAM+ABLoss+USR,MedSAM+ABLoss -> MedSAM+ABLoss+USR,100,0.003574650194,0.002968237941,1.612264994e-08,1.679442702e-07,True,True,True,True,True
table8,Kvasir,dice,higher_better,MedSAM+USR,MedSAM+ABLoss+USR,MedSAM+USR -> MedSAM+ABLoss+USR,100,0.002881552677,-1.335226627e-05,0.5704943464,0.666465358,False,False,False,False,False
table8,Kvasir,hd95,lower_better,MedSAM,MedSAM+ABLoss,MedSAM -> MedSAM+ABLoss,100,-2.045022182,-0.5294012748,0.7027179817,0.7773429001,False,False,False,False,False
table8,Kvasir,hd95,lower_better,MedSAM,MedSAM+ABLoss+USR,MedSAM -> MedSAM+ABLoss+USR,100,-2.585838272,-0.6764415038,0.4643219976,0.580402497,False,False,False,False,False
table8,Kvasir,hd95,lower_better,MedSAM,MedSAM+USR,MedSAM -> MedSAM+USR,100,-0.7988652449,-0.5431983695,0.0007242321859,0.002829031976,True,True,False,True,True
table8,Kvasir,hd95,lower_better,MedSAM+ABLoss,MedSAM+ABLoss+USR,MedSAM+ABLoss -> MedSAM+ABLoss+USR,100,-0.5408160901,-0.7406153279,0.0002791277469,0.001292258088,True,True,False,True,True
table8,Kvasir,hd95,lower_better,MedSAM+USR,MedSAM+ABLoss+USR,MedSAM+USR -> MedSAM+ABLoss+USR,100,-1.786973027,0.2156049556,0.867559776,0.9113022857,False,False,False,False,False
table8,Kvasir,iou,higher_better,MedSAM,MedSAM+ABLoss,MedSAM -> MedSAM+ABLoss,100,0.0009792406306,-0.002887234527,0.2818397532,0.4194043946,False,False,False,False,False
table8,Kvasir,iou,higher_better,MedSAM,MedSAM+ABLoss+USR,MedSAM -> MedSAM+ABLoss+USR,100,0.006582709325,-6.046491805e-05,0.8581003268,0.9090045835,False,False,False,False,False
table8,Kvasir,iou,higher_better,MedSAM,MedSAM+USR,MedSAM -> MedSAM+USR,100,0.004067829695,0.002346305425,2.381978528e-05,0.0001417844362,True,True,True,True,True
table8,Kvasir,iou,higher_better,MedSAM+ABLoss,MedSAM+ABLoss+USR,MedSAM+ABLoss -> MedSAM+ABLoss+USR,100,0.005603468694,0.004749529485,1.235865758e-09,1.976662904e-08,True,True,True,True,True
table8,Kvasir,iou,higher_better,MedSAM+USR,MedSAM+ABLoss+USR,MedSAM+USR -> MedSAM+ABLoss+USR,100,0.00251487963,-8.549630864e-06,0.5157933846,0.6155960593,False,False,False,False,False
table8_main,CVC-300,assd,lower_better,MedSAM,MedSAM+ABLoss+USR,MedSAM -> MedSAM+ABLoss+USR,60,-0.6238822411,-1.000615331,0.008774154976,0.02437265271,True,True,False,False,True
table8_main,CVC-300,boundary_dice,higher_better,MedSAM,MedSAM+ABLoss+USR,MedSAM -> MedSAM+ABLoss+USR,60,0.005544387153,2.175378029e-12,0.5171006898,0.7181954025,False,False,False,False,False
table8_main,CVC-300,dice,higher_better,MedSAM,MedSAM+ABLoss+USR,MedSAM -> MedSAM+ABLoss+USR,60,0.01776395954,0.01381860329,0.004091429449,0.01432616616,True,True,False,False,True
table8_main,CVC-300,hd95,lower_better,MedSAM,MedSAM+ABLoss+USR,MedSAM -> MedSAM+ABLoss+USR,60,-4.452941398,-5.176918075,8.950415388e-05,0.0005594009618,True,True,True,True,True
table8_main,CVC-300,iou,higher_better,MedSAM,MedSAM+ABLoss+USR,MedSAM -> MedSAM+ABLoss+USR,60,0.02830389847,0.0190239844,0.00108099414,0.004504142248,True,True,False,True,True
table8_main,CVC-ClinicDB,assd,lower_better,MedSAM,MedSAM+ABLoss+USR,MedSAM -> MedSAM+ABLoss+USR,62,-0.3065880556,0.1037154014,0.6714418946,0.8393023683,False,False,False,False,False
table8_main,CVC-ClinicDB,boundary_dice,higher_better,MedSAM,MedSAM+ABLoss+USR,MedSAM -> MedSAM+ABLoss+USR,62,-0.00631462309,2.715049363e-12,0.9413157267,0.9413157267,False,False,False,False,False
table8_main,CVC-ClinicDB,dice,higher_better,MedSAM,MedSAM+ABLoss+USR,MedSAM -> MedSAM+ABLoss+USR,62,0.01394966391,0.0005091331923,0.2787148702,0.4977051253,False,False,False,False,False
table8_main,CVC-ClinicDB,hd95,lower_better,MedSAM,MedSAM+ABLoss+USR,MedSAM -> MedSAM+ABLoss+USR,62,-0.6812985497,0.2974952153,0.830947528,0.9305497033,False,False,False,False,False
table8_main,CVC-ClinicDB,iou,higher_better,MedSAM,MedSAM+ABLoss+USR,MedSAM -> MedSAM+ABLoss+USR,62,0.01430923266,0.0005258713868,0.3421120472,0.5701867454,False,False,False,False,False
table8_main,CVC-ColonDB,assd,lower_better,MedSAM,MedSAM+ABLoss+USR,MedSAM -> MedSAM+ABLoss+USR,380,0.3934822753,-0.1531527436,0.6191469034,0.8146669782,False,False,False,False,False
table8_main,CVC-ColonDB,boundary_dice,higher_better,MedSAM,MedSAM+ABLoss+USR,MedSAM -> MedSAM+ABLoss+USR,380,0.007776708546,8.103269843e-13,0.02525569817,0.05739931402,True,False,False,False,False
table8_main,CVC-ColonDB,dice,higher_better,MedSAM,MedSAM+ABLoss+USR,MedSAM -> MedSAM+ABLoss+USR,380,0.005525027337,3.75570048e-13,0.004584373171,0.01432616616,True,True,False,False,True
table8_main,CVC-ColonDB,hd95,lower_better,MedSAM,MedSAM+ABLoss+USR,MedSAM -> MedSAM+ABLoss+USR,380,-1.451070434,-0.7602266719,0.09291876402,0.1935807584,False,False,False,False,False
table8_main,CVC-ColonDB,iou,higher_better,MedSAM,MedSAM+ABLoss+USR,MedSAM -> MedSAM+ABLoss+USR,380,0.009065652445,3.75570048e-13,0.0006725234569,0.003362617285,True,True,False,True,True
table8_main,ETIS-LaribPolypDB,assd,lower_better,MedSAM,MedSAM+ABLoss+USR,MedSAM -> MedSAM+ABLoss+USR,196,-1.419299342,-0.1140387607,0.8572788496,0.9305497033,False,False,False,False,False
table8_main,ETIS-LaribPolypDB,boundary_dice,higher_better,MedSAM,MedSAM+ABLoss+USR,MedSAM -> MedSAM+ABLoss+USR,196,0.01721791287,6.432687284e-13,4.863302254e-05,0.0004052751879,True,True,True,True,True
table8_main,ETIS-LaribPolypDB,dice,higher_better,MedSAM,MedSAM+ABLoss+USR,MedSAM -> MedSAM+ABLoss+USR,196,0.01779880548,1.226285203e-13,5.287701902e-09,6.609627378e-08,True,True,True,True,True
table8_main,ETIS-LaribPolypDB,hd95,lower_better,MedSAM,MedSAM+ABLoss+USR,MedSAM -> MedSAM+ABLoss+USR,196,-5.390769896,0.06007367485,0.1203858055,0.2315111644,False,False,False,False,False
table8_main,ETIS-LaribPolypDB,iou,higher_better,MedSAM,MedSAM+ABLoss+USR,MedSAM -> MedSAM+ABLoss+USR,196,0.02308920526,1.226285203e-13,2.098062311e-09,5.245155778e-08,True,True,True,True,True
table8_main,Kvasir,assd,lower_better,MedSAM,MedSAM+ABLoss+USR,MedSAM -> MedSAM+ABLoss+USR,100,0.5420863133,0.2248055829,0.4473324208,0.6828264671,False,False,False,False,False
table8_main,Kvasir,boundary_dice,higher_better,MedSAM,MedSAM+ABLoss+USR,MedSAM -> MedSAM+ABLoss+USR,100,-0.01291820222,-0.01509909074,0.02497509023,0.05739931402,True,False,False,False,False
table8_main,Kvasir,dice,higher_better,MedSAM,MedSAM+ABLoss+USR,MedSAM -> MedSAM+ABLoss+USR,100,0.005630888932,-3.095770171e-05,0.8933277152,0.9305497033,False,False,False,False,False
table8_main,Kvasir,hd95,lower_better,MedSAM,MedSAM+ABLoss+USR,MedSAM -> MedSAM+ABLoss+USR,100,-2.585838272,-0.6764415038,0.4643219976,0.6828264671,False,False,False,False,False
table8_main,Kvasir,iou,higher_better,MedSAM,MedSAM+ABLoss+USR,MedSAM -> MedSAM+ABLoss+USR,100,0.006582709325,-6.046491805e-05,0.8581003268,0.9305497033,False,False,False,False,False
table8_per_dataset:CVC-300,CVC-300,assd,lower_better,MedSAM,MedSAM+ABLoss,MedSAM -> MedSAM+ABLoss,60,-0.6498607733,-0.9158789282,0.01063476872,0.02088802783,True,True,False,False,True
table8_per_dataset:CVC-300,CVC-300,assd,lower_better,MedSAM,MedSAM+ABLoss+USR,MedSAM -> MedSAM+ABLoss+USR,60,-0.6238822411,-1.000615331,0.008774154976,0.01994126131,True,True,False,False,True
table8_per_dataset:CVC-300,CVC-300,assd,lower_better,MedSAM,MedSAM+USR,MedSAM -> MedSAM+USR,60,-0.148767054,-0.08766636514,0.06357852752,0.08365595727,False,False,False,False,False
table8_per_dataset:CVC-300,CVC-300,assd,lower_better,MedSAM+ABLoss,MedSAM+ABLoss+USR,MedSAM+ABLoss -> MedSAM+ABLoss+USR,60,0.02597853215,-0.1469400203,0.05948786602,0.08262203614,False,False,False,False,False
table8_per_dataset:CVC-300,CVC-300,assd,lower_better,MedSAM+USR,MedSAM+ABLoss+USR,MedSAM+USR -> MedSAM+ABLoss+USR,60,-0.4751151871,-0.5485435474,0.04070468302,0.05985982797,True,False,False,False,False
table8_per_dataset:CVC-300,CVC-300,boundary_dice,higher_better,MedSAM,MedSAM+ABLoss,MedSAM -> MedSAM+ABLoss,60,-0.0001524657046,3.325081759e-13,0.7909958204,0.8239539795,False,False,False,False,False
table8_per_dataset:CVC-300,CVC-300,boundary_dice,higher_better,MedSAM,MedSAM+ABLoss+USR,MedSAM -> MedSAM+ABLoss+USR,60,0.005544387153,2.175378029e-12,0.5171006898,0.5620659672,False,False,False,False,False
table8_per_dataset:CVC-300,CVC-300,boundary_dice,higher_better,MedSAM,MedSAM+USR,MedSAM -> MedSAM+USR,60,0.008072171565,0.002692670605,0.005514668227,0.01723333821,True,True,False,False,True
table8_per_dataset:CVC-300,CVC-300,boundary_dice,higher_better,MedSAM+ABLoss,MedSAM+ABLoss+USR,MedSAM+ABLoss -> MedSAM+ABLoss+USR,60,0.005696852858,0.003839018569,0.001988977492,0.009846233851,True,True,False,True,True
table8_per_dataset:CVC-300,CVC-300,boundary_dice,higher_better,MedSAM+USR,MedSAM+ABLoss+USR,MedSAM+USR -> MedSAM+ABLoss+USR,60,-0.002527784411,2.536953283e-14,0.9004069764,0.9004069764,False,False,False,False,False
table8_per_dataset:CVC-300,CVC-300,dice,higher_better,MedSAM,MedSAM+ABLoss,MedSAM -> MedSAM+ABLoss,60,0.01561014576,0.008263015302,0.008044959221,0.01994126131,True,True,False,False,True
table8_per_dataset:CVC-300,CVC-300,dice,higher_better,MedSAM,MedSAM+ABLoss+USR,MedSAM -> MedSAM+ABLoss+USR,60,0.01776395954,0.01381860329,0.004091429449,0.01461224803,True,True,False,False,True
table8_per_dataset:CVC-300,CVC-300,dice,higher_better,MedSAM,MedSAM+USR,MedSAM -> MedSAM+USR,60,0.00201094098,0.0007833030549,0.07363583006,0.09204478757,False,False,False,False,False
table8_per_dataset:CVC-300,CVC-300,dice,higher_better,MedSAM+ABLoss,MedSAM+ABLoss+USR,MedSAM+ABLoss -> MedSAM+ABLoss+USR,60,0.002153813785,0.001273335325,0.02428119314,0.04046865524,True,True,False,False,True
table8_per_dataset:CVC-300,CVC-300,dice,higher_better,MedSAM+USR,MedSAM+ABLoss+USR,MedSAM+USR -> MedSAM+ABLoss+USR,60,0.01575301857,0.009273039857,0.02162903236,0.03862327207,True,True,False,False,True
table8_per_dataset:CVC-300,CVC-300,hd95,lower_better,MedSAM,MedSAM+ABLoss,MedSAM -> MedSAM+ABLoss,60,-4.36735163,-4.979202711,0.0001013982337,0.001267477921,True,True,False,True,True
table8_per_dataset:CVC-300,CVC-300,hd95,lower_better,MedSAM,MedSAM+ABLoss+USR,MedSAM -> MedSAM+ABLoss+USR,60,-4.452941398,-5.176918075,8.950415388e-05,0.001267477921,True,True,False,True,True
table8_per_dataset:CVC-300,CVC-300,hd95,lower_better,MedSAM,MedSAM+USR,MedSAM -> MedSAM+USR,60,-0.3880866945,0,0.1475751341,0.1756846834,False,False,False,False,False
table8_per_dataset:CVC-300,CVC-300,hd95,lower_better,MedSAM+ABLoss,MedSAM+ABLoss+USR,MedSAM+ABLoss -> MedSAM+ABLoss+USR,60,-0.08558976863,0,0.4309383284,0.4897026459,False,False,False,False,False
table8_per_dataset:CVC-300,CVC-300,hd95,lower_better,MedSAM+USR,MedSAM+ABLoss+USR,MedSAM+USR -> MedSAM+ABLoss+USR,60,-4.064854704,-4.262277092,0.0003770223827,0.003141853189,True,True,False,True,True
table8_per_dataset:CVC-300,CVC-300,iou,higher_better,MedSAM,MedSAM+ABLoss,MedSAM -> MedSAM+ABLoss,60,0.02500398137,0.01189714421,0.002363096124,0.009846233851,True,True,False,True,True
table8_per_dataset:CVC-300,CVC-300,iou,higher_better,MedSAM,MedSAM+ABLoss+USR,MedSAM -> MedSAM+ABLoss+USR,60,0.02830389847,0.0190239844,0.00108099414,0.006756213372,True,True,False,True,True
table8_per_dataset:CVC-300,CVC-300,iou,higher_better,MedSAM,MedSAM+USR,MedSAM -> MedSAM+USR,60,0.003330656089,0.001337097998,0.04070468302,0.05985982797,True,False,False,False,False
table8_per_dataset:CVC-300,CVC-300,iou,higher_better,MedSAM+ABLoss,MedSAM+ABLoss+USR,MedSAM+ABLoss -> MedSAM+ABLoss+USR,60,0.003299917105,0.001568331981,0.01086177447,0.02088802783,True,True,False,False,True
table8_per_dataset:CVC-300,CVC-300,iou,higher_better,MedSAM+USR,MedSAM+ABLoss+USR,MedSAM+USR -> MedSAM+ABLoss+USR,60,0.02497324239,0.01145426134,0.007052676173,0.01959076715,True,True,False,False,True
table8_per_dataset:CVC-ClinicDB,CVC-ClinicDB,assd,lower_better,MedSAM,MedSAM+ABLoss,MedSAM -> MedSAM+ABLoss,62,-0.4516980999,0.09855894347,0.6211079866,0.7763849832,False,False,False,False,False
table8_per_dataset:CVC-ClinicDB,CVC-ClinicDB,assd,lower_better,MedSAM,MedSAM+ABLoss+USR,MedSAM -> MedSAM+ABLoss+USR,62,-0.3065880556,0.1037154014,0.6714418946,0.7993355889,False,False,False,False,False
table8_per_dataset:CVC-ClinicDB,CVC-ClinicDB,assd,lower_better,MedSAM,MedSAM+USR,MedSAM -> MedSAM+USR,62,0.1189278087,0.03208321074,0.2374574316,0.6658959496,False,False,False,False,False
table8_per_dataset:CVC-ClinicDB,CVC-ClinicDB,assd,lower_better,MedSAM+ABLoss,MedSAM+ABLoss+USR,MedSAM+ABLoss -> MedSAM+ABLoss+USR,62,0.1451100443,-0.02694055695,0.3177569483,0.6658959496,False,False,False,False,False
table8_per_dataset:CVC-ClinicDB,CVC-ClinicDB,assd,lower_better,MedSAM+USR,MedSAM+ABLoss+USR,MedSAM+USR -> MedSAM+ABLoss+USR,62,-0.4255158643,-0.08439735804,0.3010738593,0.6658959496,False,False,False,False,False
table8_per_dataset:CVC-ClinicDB,CVC-ClinicDB,boundary_dice,higher_better,MedSAM,MedSAM+ABLoss,MedSAM -> MedSAM+ABLoss,62,-0.01039713964,4.971717714e-13,0.586883224,0.7722147684,False,False,False,False,False
table8_per_dataset:CVC-ClinicDB,CVC-ClinicDB,boundary_dice,higher_better,MedSAM,MedSAM+ABLoss+USR,MedSAM -> MedSAM+ABLoss+USR,62,-0.00631462309,2.715049363e-12,0.9413157267,0.968487555,False,False,False,False,False
table8_per_dataset:CVC-ClinicDB,CVC-ClinicDB,boundary_dice,higher_better,MedSAM,MedSAM+USR,MedSAM -> MedSAM+USR,62,0.002177335569,0.001231503407,0.1068459749,0.6658959496,False,False,False,False,False
table8_per_dataset:CVC-ClinicDB,CVC-ClinicDB,boundary_dice,higher_better,MedSAM+ABLoss,MedSAM+ABLoss+USR,MedSAM+ABLoss -> MedSAM+ABLoss+USR,62,0.004082516551,0.001749197996,0.01181345401,0.2953363503,True,False,False,False,False
table8_per_dataset:CVC-ClinicDB,CVC-ClinicDB,boundary_dice,higher_better,MedSAM+USR,MedSAM+ABLoss+USR,MedSAM+USR -> MedSAM+ABLoss+USR,62,-0.008491958659,0.001202650342,0.8886093248,0.9658797009,False,False,False,False,False
table8_per_dataset:CVC-ClinicDB,CVC-ClinicDB,dice,higher_better,MedSAM,MedSAM+ABLoss,MedSAM -> MedSAM+ABLoss,62,0.01358925679,9.637550277e-13,0.3421120472,0.6658959496,False,False,False,False,False
table8_per_dataset:CVC-ClinicDB,CVC-ClinicDB,dice,higher_better,MedSAM,MedSAM+ABLoss+USR,MedSAM -> MedSAM+ABLoss+USR,62,0.01394966391,0.0005091331923,0.2787148702,0.6658959496,False,False,False,False,False
table8_per_dataset:CVC-ClinicDB,CVC-ClinicDB,dice,higher_better,MedSAM,MedSAM+USR,MedSAM -> MedSAM+USR,62,0.0003184218765,0.0002479584135,0.410052589,0.6658959496,False,False,False,False,False
table8_per_dataset:CVC-ClinicDB,CVC-ClinicDB,dice,higher_better,MedSAM+ABLoss,MedSAM+ABLoss+USR,MedSAM+ABLoss -> MedSAM+ABLoss+USR,62,0.0003604071135,0.000436241038,0.1910208499,0.6658959496,False,False,False,False,False
table8_per_dataset:CVC-ClinicDB,CVC-ClinicDB,dice,higher_better,MedSAM+USR,MedSAM+ABLoss+USR,MedSAM+USR -> MedSAM+ABLoss+USR,62,0.01363124203,2.492461316e-13,0.2545783078,0.6658959496,False,False,False,False,False
table8_per_dataset:CVC-ClinicDB,CVC-ClinicDB,hd95,lower_better,MedSAM,MedSAM+ABLoss,MedSAM -> MedSAM+ABLoss,62,-1.118221354,0.2409465261,0.968487555,0.968487555,False,False,False,False,False
table8_per_dataset:CVC-ClinicDB,CVC-ClinicDB,hd95,lower_better,MedSAM,MedSAM+ABLoss+USR,MedSAM -> MedSAM+ABLoss+USR,62,-0.6812985497,0.2974952153,0.830947528,0.9442585545,False,False,False,False,False
table8_per_dataset:CVC-ClinicDB,CVC-ClinicDB,hd95,lower_better,MedSAM,MedSAM+USR,MedSAM -> MedSAM+USR,62,0.2094304827,0,0.4774936284,0.7021965124,False,False,False,False,False
table8_per_dataset:CVC-ClinicDB,CVC-ClinicDB,hd95,lower_better,MedSAM+ABLoss,MedSAM+ABLoss+USR,MedSAM+ABLoss -> MedSAM+ABLoss+USR,62,0.4369228041,0,0.40119089,0.6658959496,False,False,False,False,False
table8_per_dataset:CVC-ClinicDB,CVC-ClinicDB,hd95,lower_better,MedSAM+USR,MedSAM+ABLoss+USR,MedSAM+USR -> MedSAM+ABLoss+USR,62,-0.8907290324,0.2718178889,0.586883224,0.7722147684,False,False,False,False,False
table8_per_dataset:CVC-ClinicDB,CVC-ClinicDB,iou,higher_better,MedSAM,MedSAM+ABLoss,MedSAM -> MedSAM+ABLoss,62,0.01342786823,9.637550277e-13,0.4261734078,0.6658959496,False,False,False,False,False
table8_per_dataset:CVC-ClinicDB,CVC-ClinicDB,iou,higher_better,MedSAM,MedSAM+ABLoss+USR,MedSAM -> MedSAM+ABLoss+USR,62,0.01430923266,0.0005258713868,0.3421120472,0.6658959496,False,False,False,False,False
table8_per_dataset:CVC-ClinicDB,CVC-ClinicDB,iou,higher_better,MedSAM,MedSAM+USR,MedSAM -> MedSAM+USR,62,0.0003217452019,0.0004110175726,0.4180672373,0.6658959496,False,False,False,False,False
table8_per_dataset:CVC-ClinicDB,CVC-ClinicDB,iou,higher_better,MedSAM+ABLoss,MedSAM+ABLoss+USR,MedSAM+ABLoss -> MedSAM+ABLoss+USR,62,0.0008813644341,0.0007084883829,0.1536509949,0.6658959496,False,False,False,False,False
table8_per_dataset:CVC-ClinicDB,CVC-ClinicDB,iou,higher_better,MedSAM+USR,MedSAM+ABLoss+USR,MedSAM+USR -> MedSAM+ABLoss+USR,62,0.01398748746,2.492461316e-13,0.3280522182,0.6658959496,False,False,False,False,False
table8_per_dataset:CVC-ColonDB,CVC-ColonDB,assd,lower_better,MedSAM,MedSAM+ABLoss,MedSAM -> MedSAM+ABLoss,380,0.3424535233,-0.104843404,0.4859160198,0.5383843175,False,False,False,False,False
table8_per_dataset:CVC-ColonDB,CVC-ColonDB,assd,lower_better,MedSAM,MedSAM+ABLoss+USR,MedSAM -> MedSAM+ABLoss+USR,380,0.3934822753,-0.1531527436,0.6191469034,0.6191469034,False,False,False,False,False
table8_per_dataset:CVC-ColonDB,CVC-ColonDB,assd,lower_better,MedSAM,MedSAM+USR,MedSAM -> MedSAM+USR,380,-0.07348507676,-0.02463285551,0.1250006738,0.1953135528,False,False,False,False,False
table8_per_dataset:CVC-ColonDB,CVC-ColonDB,assd,lower_better,MedSAM+ABLoss,MedSAM+ABLoss+USR,MedSAM+ABLoss -> MedSAM+ABLoss+USR,380,0.05102875195,-0.0276852927,0.4953135721,0.5383843175,False,False,False,False,False
table8_per_dataset:CVC-ColonDB,CVC-ColonDB,assd,lower_better,MedSAM+USR,MedSAM+ABLoss+USR,MedSAM+USR -> MedSAM+ABLoss+USR,380,0.466967352,-0.01178049444,0.2253035203,0.2829688033,False,False,False,False,False
table8_per_dataset:CVC-ColonDB,CVC-ColonDB,boundary_dice,higher_better,MedSAM,MedSAM+ABLoss,MedSAM -> MedSAM+ABLoss,380,0.004813114878,3.864064525e-13,0.1347509896,0.19816322,False,False,False,False,False
table8_per_dataset:CVC-ColonDB,CVC-ColonDB,boundary_dice,higher_better,MedSAM,MedSAM+ABLoss+USR,MedSAM -> MedSAM+ABLoss+USR,380,0.007776708546,8.103269843e-13,0.02525569817,0.05261603785,True,False,False,False,False
table8_per_dataset:CVC-ColonDB,CVC-ColonDB,boundary_dice,higher_better,MedSAM,MedSAM+USR,MedSAM -> MedSAM+USR,380,0.003021850192,0.0001512887316,7.441291966e-08,9.301614957e-07,True,True,True,True,True
table8_per_dataset:CVC-ColonDB,CVC-ColonDB,boundary_dice,higher_better,MedSAM+ABLoss,MedSAM+ABLoss+USR,MedSAM+ABLoss -> MedSAM+ABLoss+USR,380,0.002963593668,0.0004927451381,4.912420202e-09,1.228105051e-07,True,True,True,True,True
table8_per_dataset:CVC-ColonDB,CVC-ColonDB,boundary_dice,higher_better,MedSAM+USR,MedSAM+ABLoss+USR,MedSAM+USR -> MedSAM+ABLoss+USR,380,0.004754858354,1.170130091e-12,0.0698701868,0.1247681907,False,False,False,False,False
table8_per_dataset:CVC-ColonDB,CVC-ColonDB,dice,higher_better,MedSAM,MedSAM+ABLoss,MedSAM -> MedSAM+ABLoss,380,0.00472253349,5.005220165e-13,0.004658464544,0.01294017929,True,True,False,False,True
table8_per_dataset:CVC-ColonDB,CVC-ColonDB,dice,higher_better,MedSAM,MedSAM+ABLoss+USR,MedSAM -> MedSAM+ABLoss+USR,380,0.005525027337,3.75570048e-13,0.004584373171,0.01294017929,True,True,False,False,True
table8_per_dataset:CVC-ColonDB,CVC-ColonDB,dice,higher_better,MedSAM,MedSAM+USR,MedSAM -> MedSAM+USR,380,0.000748652046,1.697151336e-14,0.005859689022,0.01464922255,True,True,False,False,True
table8_per_dataset:CVC-ColonDB,CVC-ColonDB,dice,higher_better,MedSAM+ABLoss,MedSAM+ABLoss+USR,MedSAM+ABLoss -> MedSAM+ABLoss+USR,380,0.0008024938463,3.926137049e-14,0.004387399043,0.01294017929,True,True,False,False,True
table8_per_dataset:CVC-ColonDB,CVC-ColonDB,dice,higher_better,MedSAM+USR,MedSAM+ABLoss+USR,MedSAM+USR -> MedSAM+ABLoss+USR,380,0.004776375291,1.208532956e-13,0.04406813947,0.08474642206,True,False,False,False,False
table8_per_dataset:CVC-ColonDB,CVC-ColonDB,hd95,lower_better,MedSAM,MedSAM+ABLoss,MedSAM -> MedSAM+ABLoss,380,-1.148171419,-0.5415680165,0.1472875853,0.2045660907,False,False,False,False,False
table8_per_dataset:CVC-ColonDB,CVC-ColonDB,hd95,lower_better,MedSAM,MedSAM+ABLoss+USR,MedSAM -> MedSAM+ABLoss+USR,380,-1.451070434,-0.7602266719,0.09291876402,0.1548646067,False,False,False,False,False
table8_per_dataset:CVC-ColonDB,CVC-ColonDB,hd95,lower_better,MedSAM,MedSAM+USR,MedSAM -> MedSAM+USR,380,-0.694787398,0,0.2263750427,0.2829688033,False,False,False,False,False
table8_per_dataset:CVC-ColonDB,CVC-ColonDB,hd95,lower_better,MedSAM+ABLoss,MedSAM+ABLoss+USR,MedSAM+ABLoss -> MedSAM+ABLoss+USR,380,-0.3028990147,0,0.5291046115,0.551150637,False,False,False,False,False
table8_per_dataset:CVC-ColonDB,CVC-ColonDB,hd95,lower_better,MedSAM+USR,MedSAM+ABLoss+USR,MedSAM+USR -> MedSAM+ABLoss+USR,380,-0.7562830359,-0.102378611,0.320707248,0.3817943429,False,False,False,False,False
table8_per_dataset:CVC-ColonDB,CVC-ColonDB,iou,higher_better,MedSAM,MedSAM+ABLoss,MedSAM -> MedSAM+ABLoss,380,0.007878633269,5.005220165e-13,0.0007562012074,0.004726257546,True,True,False,True,True
table8_per_dataset:CVC-ColonDB,CVC-ColonDB,iou,higher_better,MedSAM,MedSAM+ABLoss+USR,MedSAM -> MedSAM+ABLoss+USR,380,0.009065652445,3.75570048e-13,0.0006725234569,0.004726257546,True,True,False,True,True
table8_per_dataset:CVC-ColonDB,CVC-ColonDB,iou,higher_better,MedSAM,MedSAM+USR,MedSAM -> MedSAM+USR,380,0.001193282768,1.697151336e-14,0.004204315053,0.01294017929,True,True,False,False,True
table8_per_dataset:CVC-ColonDB,CVC-ColonDB,iou,higher_better,MedSAM+ABLoss,MedSAM+ABLoss+USR,MedSAM+ABLoss -> MedSAM+ABLoss+USR,380,0.001187019176,3.926137049e-14,0.00155912706,0.007795635301,True,True,False,True,True
table8_per_dataset:CVC-ColonDB,CVC-ColonDB,iou,higher_better,MedSAM+USR,MedSAM+ABLoss+USR,MedSAM+USR -> MedSAM+ABLoss+USR,380,0.007872369676,1.208532956e-13,0.01228092247,0.02791118742,True,True,False,False,True
table8_per_dataset:ETIS-LaribPolypDB,ETIS-LaribPolypDB,assd,lower_better,MedSAM,MedSAM+ABLoss,MedSAM -> MedSAM+ABLoss,196,-2.556708309,0.3796695187,0.9759212707,0.9759212707,False,False,False,False,False
table8_per_dataset:ETIS-LaribPolypDB,ETIS-LaribPolypDB,assd,lower_better,MedSAM,MedSAM+ABLoss+USR,MedSAM -> MedSAM+ABLoss+USR,196,-1.419299342,-0.1140387607,0.8572788496,0.8929988017,False,False,False,False,False
table8_per_dataset:ETIS-LaribPolypDB,ETIS-LaribPolypDB,assd,lower_better,MedSAM,MedSAM+USR,MedSAM -> MedSAM+USR,196,-0.1430587279,-0.3750218833,0.04705816655,0.0692031861,True,False,False,False,False
table8_per_dataset:ETIS-LaribPolypDB,ETIS-LaribPolypDB,assd,lower_better,MedSAM+ABLoss,MedSAM+ABLoss+USR,MedSAM+ABLoss -> MedSAM+ABLoss+USR,196,1.137408967,-0.3614115104,0.1354919869,0.1782789301,False,False,False,False,False
table8_per_dataset:ETIS-LaribPolypDB,ETIS-LaribPolypDB,assd,lower_better,MedSAM+USR,MedSAM+ABLoss+USR,MedSAM+USR -> MedSAM+ABLoss+USR,196,-1.276240614,0.369361108,0.8277660004,0.8929988017,False,False,False,False,False
table8_per_dataset:ETIS-LaribPolypDB,ETIS-LaribPolypDB,boundary_dice,higher_better,MedSAM,MedSAM+ABLoss,MedSAM -> MedSAM+ABLoss,196,0.002893100309,2.758664965e-13,0.1531778979,0.1914723724,False,False,False,False,False
table8_per_dataset:ETIS-LaribPolypDB,ETIS-LaribPolypDB,boundary_dice,higher_better,MedSAM,MedSAM+ABLoss+USR,MedSAM -> MedSAM+ABLoss+USR,196,0.01721791287,6.432687284e-13,4.863302254e-05,9.352504335e-05,True,True,True,True,True
table8_per_dataset:ETIS-LaribPolypDB,ETIS-LaribPolypDB,boundary_dice,higher_better,MedSAM,MedSAM+USR,MedSAM -> MedSAM+USR,196,0.0120792753,3.248626604e-13,6.454348733e-11,4.033967958e-10,True,True,True,True,True
table8_per_dataset:ETIS-LaribPolypDB,ETIS-LaribPolypDB,boundary_dice,higher_better,MedSAM+ABLoss,MedSAM+ABLoss+USR,MedSAM+ABLoss -> MedSAM+ABLoss+USR,196,0.01432481256,2.39617525e-12,9.376720266e-19,2.344180066e-17,True,True,True,True,True
table8_per_dataset:ETIS-LaribPolypDB,ETIS-LaribPolypDB,boundary_dice,higher_better,MedSAM+USR,MedSAM+ABLoss+USR,MedSAM+USR -> MedSAM+ABLoss+USR,196,0.005138637561,4.00810075e-13,0.01142294321,0.01903823869,True,True,False,False,True
table8_per_dataset:ETIS-LaribPolypDB,ETIS-LaribPolypDB,dice,higher_better,MedSAM,MedSAM+ABLoss,MedSAM -> MedSAM+ABLoss,196,0.01547717934,3.55540632e-14,1.345260856e-05,3.275001679e-05,True,True,True,True,True
table8_per_dataset:ETIS-LaribPolypDB,ETIS-LaribPolypDB,dice,higher_better,MedSAM,MedSAM+ABLoss+USR,MedSAM -> MedSAM+ABLoss+USR,196,0.01779880548,1.226285203e-13,5.287701902e-09,1.652406845e-08,True,True,True,True,True
table8_per_dataset:ETIS-LaribPolypDB,ETIS-LaribPolypDB,dice,higher_better,MedSAM,MedSAM+USR,MedSAM -> MedSAM+USR,196,0.002404602379,1.25441811e-14,1.265064259e-09,5.271101078e-09,True,True,True,True,True
table8_per_dataset:ETIS-LaribPolypDB,ETIS-LaribPolypDB,dice,higher_better,MedSAM+ABLoss,MedSAM+ABLoss+USR,MedSAM+ABLoss -> MedSAM+ABLoss+USR,196,0.002321626144,3.179554339e-14,6.993772515e-12,5.828143763e-11,True,True,True,True,True
table8_per_dataset:ETIS-LaribPolypDB,ETIS-LaribPolypDB,dice,higher_better,MedSAM+USR,MedSAM+ABLoss+USR,MedSAM+USR -> MedSAM+ABLoss+USR,196,0.0153942031,4.257209777e-14,2.330464045e-05,4.855133427e-05,True,True,True,True,True
table8_per_dataset:ETIS-LaribPolypDB,ETIS-LaribPolypDB,hd95,lower_better,MedSAM,MedSAM+ABLoss,MedSAM -> MedSAM+ABLoss,196,-5.079051999,0.6947519857,0.4312937804,0.4901065687,False,False,False,False,False
table8_per_dataset:ETIS-LaribPolypDB,ETIS-LaribPolypDB,hd95,lower_better,MedSAM,MedSAM+ABLoss+USR,MedSAM -> MedSAM+ABLoss+USR,196,-5.390769896,0.06007367485,0.1203858055,0.1672025076,False,False,False,False,False
table8_per_dataset:ETIS-LaribPolypDB,ETIS-LaribPolypDB,hd95,lower_better,MedSAM,MedSAM+USR,MedSAM -> MedSAM+USR,196,-0.5752784113,-0.6187861369,0.0006499998732,0.001160714059,True,True,False,True,True
table8_per_dataset:ETIS-LaribPolypDB,ETIS-LaribPolypDB,hd95,lower_better,MedSAM+ABLoss,MedSAM+ABLoss+USR,MedSAM+ABLoss -> MedSAM+ABLoss+USR,196,-0.3117178976,-0.4608931708,0.03918310699,0.06122360467,True,False,False,False,False
table8_per_dataset:ETIS-LaribPolypDB,ETIS-LaribPolypDB,hd95,lower_better,MedSAM+USR,MedSAM+ABLoss+USR,MedSAM+USR -> MedSAM+ABLoss+USR,196,-4.815491485,0.1126423402,0.3430058752,0.4083403276,False,False,False,False,False
table8_per_dataset:ETIS-LaribPolypDB,ETIS-LaribPolypDB,iou,higher_better,MedSAM,MedSAM+ABLoss,MedSAM -> MedSAM+ABLoss,196,0.01984818589,3.55540632e-14,9.675793598e-06,2.687720444e-05,True,True,True,True,True
table8_per_dataset:ETIS-LaribPolypDB,ETIS-LaribPolypDB,iou,higher_better,MedSAM,MedSAM+ABLoss+USR,MedSAM -> MedSAM+ABLoss+USR,196,0.02308920526,1.226285203e-13,2.098062311e-09,7.493079683e-09,True,True,True,True,True
table8_per_dataset:ETIS-LaribPolypDB,ETIS-LaribPolypDB,iou,higher_better,MedSAM,MedSAM+USR,MedSAM -> MedSAM+USR,196,0.003168343799,1.25441811e-14,2.105001383e-10,1.052500692e-09,True,True,True,True,True
table8_per_dataset:ETIS-LaribPolypDB,ETIS-LaribPolypDB,iou,higher_better,MedSAM+ABLoss,MedSAM+ABLoss+USR,MedSAM+ABLoss -> MedSAM+ABLoss+USR,196,0.00324101937,3.179554339e-14,1.176956561e-12,1.471195701e-11,True,True,True,True,True
table8_per_dataset:ETIS-LaribPolypDB,ETIS-LaribPolypDB,iou,higher_better,MedSAM+USR,MedSAM+ABLoss+USR,MedSAM+USR -> MedSAM+ABLoss+USR,196,0.01992086146,4.257209777e-14,1.441000739e-05,3.275001679e-05,True,True,True,True,True
table8_per_dataset:Kvasir,Kvasir,assd,lower_better,MedSAM,MedSAM+ABLoss,MedSAM -> MedSAM+ABLoss,100,1.006983438,0.6532064381,0.04882002073,0.08717860844,True,False,False,False,False
table8_per_dataset:Kvasir,Kvasir,assd,lower_better,MedSAM,MedSAM+ABLoss+USR,MedSAM -> MedSAM+ABLoss+USR,100,0.5420863133,0.2248055829,0.4473324208,0.6109499969,False,False,False,False,False
table8_per_dataset:Kvasir,Kvasir,assd,lower_better,MedSAM,MedSAM+USR,MedSAM -> MedSAM+USR,100,-0.4006748561,-0.2469883823,0.0004648835849,0.001056553602,True,True,False,True,True
table8_per_dataset:Kvasir,Kvasir,assd,lower_better,MedSAM+ABLoss,MedSAM+ABLoss+USR,MedSAM+ABLoss -> MedSAM+ABLoss+USR,100,-0.4648971246,-0.4233349661,6.881249881e-06,3.44062494e-05,True,True,True,True,True
table8_per_dataset:Kvasir,Kvasir,assd,lower_better,MedSAM+USR,MedSAM+ABLoss+USR,MedSAM+USR -> MedSAM+ABLoss+USR,100,0.9427611694,0.2874061404,0.1439364056,0.2398940093,False,False,False,False,False
table8_per_dataset:Kvasir,Kvasir,boundary_dice,higher_better,MedSAM,MedSAM+ABLoss,MedSAM -> MedSAM+ABLoss,100,-0.04067865465,-0.03732526222,9.950447275e-06,4.146019698e-05,True,True,True,True,True
table8_per_dataset:Kvasir,Kvasir,boundary_dice,higher_better,MedSAM,MedSAM+ABLoss+USR,MedSAM -> MedSAM+ABLoss+USR,100,-0.01291820222,-0.01509909074,0.02497509023,0.04802901967,True,True,False,False,True
table8_per_dataset:Kvasir,Kvasir,boundary_dice,higher_better,MedSAM,MedSAM+USR,MedSAM -> MedSAM+USR,100,0.01814981466,0.01633061997,1.435571871e-07,8.972324194e-07,True,True,True,True,True
table8_per_dataset:Kvasir,Kvasir,boundary_dice,higher_better,MedSAM+ABLoss,MedSAM+ABLoss+USR,MedSAM+ABLoss -> MedSAM+ABLoss+USR,100,0.02776045243,0.02466708239,1.850840753e-14,4.627101883e-13,True,True,True,True,True
table8_per_dataset:Kvasir,Kvasir,boundary_dice,higher_better,MedSAM+USR,MedSAM+ABLoss+USR,MedSAM+USR -> MedSAM+ABLoss+USR,100,-0.03106801689,-0.0285043171,7.046698256e-05,0.0001957416182,True,True,True,True,True
table8_per_dataset:Kvasir,Kvasir,dice,higher_better,MedSAM,MedSAM+ABLoss,MedSAM -> MedSAM+ABLoss,100,0.002056238738,-0.001630216706,0.3496726883,0.5142245417,False,False,False,False,False
table8_per_dataset:Kvasir,Kvasir,dice,higher_better,MedSAM,MedSAM+ABLoss+USR,MedSAM -> MedSAM+ABLoss+USR,100,0.005630888932,-3.095770171e-05,0.8933277152,0.8933277152,False,False,False,False,False
table8_per_dataset:Kvasir,Kvasir,dice,higher_better,MedSAM,MedSAM+USR,MedSAM -> MedSAM+USR,100,0.002749336255,0.001606581119,3.425207458e-05,0.0001070377331,True,True,True,True,True
table8_per_dataset:Kvasir,Kvasir,dice,higher_better,MedSAM+ABLoss,MedSAM+ABLoss+USR,MedSAM+ABLoss -> MedSAM+ABLoss+USR,100,0.003574650194,0.002968237941,1.612264994e-08,1.343554162e-07,True,True,True,True,True
table8_per_dataset:Kvasir,Kvasir,dice,higher_better,MedSAM+USR,MedSAM+ABLoss+USR,MedSAM+USR -> MedSAM+ABLoss+USR,100,0.002881552677,-1.335226627e-05,0.5704943464,0.6791599362,False,False,False,False,False
table8_per_dataset:Kvasir,Kvasir,hd95,lower_better,MedSAM,MedSAM+ABLoss,MedSAM -> MedSAM+ABLoss,100,-2.045022182,-0.5294012748,0.7027179817,0.798543161,False,False,False,False,False
table8_per_dataset:Kvasir,Kvasir,hd95,lower_better,MedSAM,MedSAM+ABLoss+USR,MedSAM -> MedSAM+ABLoss+USR,100,-2.585838272,-0.6764415038,0.4643219976,0.6109499969,False,False,False,False,False
table8_per_dataset:Kvasir,Kvasir,hd95,lower_better,MedSAM,MedSAM+USR,MedSAM -> MedSAM+USR,100,-0.7988652449,-0.5431983695,0.0007242321859,0.001508817054,True,True,False,True,True
table8_per_dataset:Kvasir,Kvasir,hd95,lower_better,MedSAM+ABLoss,MedSAM+ABLoss+USR,MedSAM+ABLoss -> MedSAM+ABLoss+USR,100,-0.5408160901,-0.7406153279,0.0002791277469,0.0006978193673,True,True,True,True,True
table8_per_dataset:Kvasir,Kvasir,hd95,lower_better,MedSAM+USR,MedSAM+ABLoss+USR,MedSAM+USR -> MedSAM+ABLoss+USR,100,-1.786973027,0.2156049556,0.867559776,0.8933277152,False,False,False,False,False
table8_per_dataset:Kvasir,Kvasir,iou,higher_better,MedSAM,MedSAM+ABLoss,MedSAM -> MedSAM+ABLoss,100,0.0009792406306,-0.002887234527,0.2818397532,0.4403746143,False,False,False,False,False
table8_per_dataset:Kvasir,Kvasir,iou,higher_better,MedSAM,MedSAM+ABLoss+USR,MedSAM -> MedSAM+ABLoss+USR,100,0.006582709325,-6.046491805e-05,0.8581003268,0.8933277152,False,False,False,False,False
table8_per_dataset:Kvasir,Kvasir,iou,higher_better,MedSAM,MedSAM+USR,MedSAM -> MedSAM+USR,100,0.004067829695,0.002346305425,2.381978528e-05,8.507066172e-05,True,True,True,True,True
table8_per_dataset:Kvasir,Kvasir,iou,higher_better,MedSAM+ABLoss,MedSAM+ABLoss+USR,MedSAM+ABLoss -> MedSAM+ABLoss+USR,100,0.005603468694,0.004749529485,1.235865758e-09,1.544832198e-08,True,True,True,True,True
table8_per_dataset:Kvasir,Kvasir,iou,higher_better,MedSAM+USR,MedSAM+ABLoss+USR,MedSAM+USR -> MedSAM+ABLoss+USR,100,0.00251487963,-8.549630864e-06,0.5157933846,0.6447417308,False,False,False,False,False
